phase,episode_id,ticker,start_date,end_date,trading_days,episode_return
A1,12,QQQ,2010-07-30,2010-08-03,3,0.01662622407716885
A1,29,QQQ,2011-09-09,2011-09-23,11,-0.0025662308772477216
A1,31,QQQ,2011-09-28,2011-09-29,2,-0.0265577966790711
A1,40,QQQ,2011-12-27,2011-12-29,3,-0.0007317252335905522
A1,51,QQQ,2012-12-10,2012-12-26,12,-0.00108983815272512
A1,92,QQQ,2015-10-08,2015-10-14,5,0.002840288244987388
A1,94,QQQ,2015-10-19,2015-10-26,6,0.043747585294179325
A1,100,QQQ,2016-02-29,2016-03-01,2,0.022817458030401028
A1,102,QQQ,2016-03-04,2016-04-13,28,0.05310052001350618
A1,139,QQQ,2019-01-25,2019-03-08,30,0.04883575774454374
A1,161,QQQ,2020-04-15,2020-04-17,3,0.016190440425998487
A1,163,QQQ,2020-04-22,2020-04-27,4,0.0520768117823851
A1,192,QQQ,2022-03-24,2022-04-11,13,-0.031094336073915985
A1,198,QQQ,2022-07-19,2022-08-23,26,0.08534926157340927
A1,203,QQQ,2022-11-14,2022-11-22,7,-0.006979959216632192
A1,205,QQQ,2022-11-28,2022-12-07,8,-0.022270849158605
A1,208,QQQ,2023-01-23,2023-02-22,22,0.04092978872524178
A1,212,QQQ,2023-03-23,2023-04-10,12,0.038383312880245324
A1,246,QQQ,2025-05-08,2025-05-13,4,0.0668116352052246
A1,12,QLD,2010-07-30,2010-08-03,3,0.03365174881339117
A1,29,QLD,2011-09-09,2011-09-23,11,-0.00817055585537374
A1,31,QLD,2011-09-28,2011-09-29,2,-0.0520146043525298
A1,40,QLD,2011-12-27,2011-12-29,3,-0.003531001683371393
A1,51,QLD,2012-12-10,2012-12-26,12,-0.002203639546480285
A1,92,QLD,2015-10-08,2015-10-14,5,0.005850319456048414
A1,94,QLD,2015-10-19,2015-10-26,6,0.08769038991770661
A1,100,QLD,2016-02-29,2016-03-01,2,0.04465641570728751
A1,102,QLD,2016-03-04,2016-04-13,28,0.10415452586270058
A1,139,QLD,2019-01-25,2019-03-08,30,0.09311359164508382
A1,161,QLD,2020-04-15,2020-04-17,3,0.03095117134556835
A1,163,QLD,2020-04-22,2020-04-27,4,0.10478519673578446
A1,192,QLD,2022-03-24,2022-04-11,13,-0.06513734063999521
A1,198,QLD,2022-07-19,2022-08-23,26,0.16473525567040959
A1,203,QLD,2022-11-14,2022-11-22,7,-0.016361967194102323
A1,205,QLD,2022-11-28,2022-12-07,8,-0.04863819424114002
A1,208,QLD,2023-01-23,2023-02-22,22,0.06979110308821701
A1,212,QLD,2023-03-23,2023-04-10,12,0.07411506856224048
A1,246,QLD,2025-05-08,2025-05-13,4,0.13421559458085897
A1,12,TQQQ,2010-07-30,2010-08-03,3,0.05002964713342428
A1,29,TQQQ,2011-09-09,2011-09-23,11,-0.01615809384162925
A1,31,TQQQ,2011-09-28,2011-09-29,2,-0.07533975207938082
A1,40,TQQQ,2011-12-27,2011-12-29,3,-0.0056592415680252195
A1,51,TQQQ,2012-12-10,2012-12-26,12,-0.005924819753837851
A1,92,TQQQ,2015-10-08,2015-10-14,5,0.008625198772389986
A1,94,TQQQ,2015-10-19,2015-10-26,6,0.13344852557658893
A1,100,TQQQ,2016-02-29,2016-03-01,2,0.06670548414259514
A1,102,TQQQ,2016-03-04,2016-04-13,28,0.15888668797917593
A1,139,TQQQ,2019-01-25,2019-03-08,30,0.13720490137403418
A1,161,TQQQ,2020-04-15,2020-04-17,3,0.04412439522824574
A1,163,TQQQ,2020-04-22,2020-04-27,4,0.1556676814879081
A1,192,TQQQ,2022-03-24,2022-04-11,13,-0.10065357864772106
A1,198,TQQQ,2022-07-19,2022-08-23,26,0.24035136453531392
A1,203,TQQQ,2022-11-14,2022-11-22,7,-0.02646665981530283
A1,205,TQQQ,2022-11-28,2022-12-07,8,-0.07592120145597114
A1,208,TQQQ,2023-01-23,2023-02-22,22,0.09710696305046351
A1,212,TQQQ,2023-03-23,2023-04-10,12,0.10899547217170769
A1,246,TQQQ,2025-05-08,2025-05-13,4,0.20452954055625616
A1,12,XLV,2010-07-30,2010-08-03,3,0.03127227871539495
A1,29,XLV,2011-09-09,2011-09-23,11,-0.03946436992431679
A1,31,XLV,2011-09-28,2011-09-29,2,-0.010772671177874282
A1,40,XLV,2011-12-27,2011-12-29,3,-0.0014370978744026042
A1,51,XLV,2012-12-10,2012-12-26,12,-0.008755951334667
A1,92,XLV,2015-10-08,2015-10-14,5,-0.004416786003705209
A1,94,XLV,2015-10-19,2015-10-26,6,-0.002293559527064004
A1,100,XLV,2016-02-29,2016-03-01,2,0.005200629920238953
A1,102,XLV,2016-03-04,2016-04-13,28,0.04012476778037022
A1,139,XLV,2019-01-25,2019-03-08,30,0.006643354731038276
A1,161,XLV,2020-04-15,2020-04-17,3,0.03768541193829966
A1,163,XLV,2020-04-22,2020-04-27,4,0.047864554057095665
A1,192,XLV,2022-03-24,2022-04-11,13,0.04438977519594234
A1,198,XLV,2022-07-19,2022-08-23,26,0.014907960441351786
A1,203,XLV,2022-11-14,2022-11-22,7,0.02005565253882713
A1,205,XLV,2022-11-28,2022-12-07,8,0.009989208760454504
A1,208,XLV,2023-01-23,2023-02-22,22,-0.030393637999044376
A1,212,XLV,2023-03-23,2023-04-10,12,0.060651618769266724
A1,246,XLV,2025-05-08,2025-05-13,4,-0.025783171601967414
A1,12,GLD,2010-07-30,2010-08-03,3,0.014874415387384987
A1,29,GLD,2011-09-09,2011-09-23,11,-0.1210604191320257
A1,31,GLD,2011-09-28,2011-09-29,2,-0.01824072617508732
A1,40,GLD,2011-12-27,2011-12-29,3,-0.03819334216587933
A1,51,GLD,2012-12-10,2012-12-26,12,-0.026519767411565476
A1,92,GLD,2015-10-08,2015-10-14,5,0.03746582246753127
A1,94,GLD,2015-10-19,2015-10-26,6,-0.009423038303169484
A1,100,GLD,2016-02-29,2016-03-01,2,0.005635693188242419
A1,102,GLD,2016-03-04,2016-04-13,28,-0.016234628173350085
A1,139,GLD,2019-01-25,2019-03-08,30,0.014452060887976126
A1,161,GLD,2020-04-15,2020-04-17,3,-0.025264233689471838
A1,163,GLD,2020-04-22,2020-04-27,4,0.018599060190973127
A1,192,GLD,2022-03-24,2022-04-11,13,0.0030801252192591555
A1,198,GLD,2022-07-19,2022-08-23,26,0.02268158159895184
A1,203,GLD,2022-11-14,2022-11-22,7,-0.01513119999584589
A1,205,GLD,2022-11-28,2022-12-07,8,0.019054041092342988
A1,208,GLD,2023-01-23,2023-02-22,22,-0.05371180760018612
A1,212,GLD,2023-03-23,2023-04-10,12,0.009103784053201558
A1,246,GLD,2025-05-08,2025-05-13,4,-0.03633148365220251
A2,2,QQQ,2010-03-16,2010-04-14,21,0.05764800806351
A2,4,QQQ,2010-04-20,2010-04-21,2,0.010707193866189346
A2,6,QQQ,2010-04-29,2010-05-07,7,-0.08021061792677409
A2,8,QQQ,2010-05-14,2010-06-02,13,-0.03343754618461481
A2,14,QQQ,2010-08-09,2010-08-10,2,-0.0019247880434493103
A2,16,QQQ,2010-08-19,2010-08-23,3,-0.023490717642807968
A2,18,QQQ,2010-09-07,2011-03-11,130,0.23309177468292064
A2,20,QQQ,2011-03-28,2011-04-18,16,-0.010380070827691878
A2,22,QQQ,2011-04-21,2011-05-25,24,-0.018832205032105365
A2,25,QQQ,2011-07-06,2011-07-28,17,-0.00017194754853477878
A2,35,QQQ,2011-10-31,2011-11-18,15,-0.060061162304454574
A2,37,QQQ,2011-12-02,2011-12-14,9,-0.0332864209385656
A2,39,QQQ,2011-12-22,2011-12-23,2,0.017231730980255877
A2,41,QQQ,2011-12-30,2012-03-14,51,0.1875337281305176
A2,43,QQQ,2012-04-09,2012-04-18,8,-0.016391128666425114
A2,45,QQQ,2012-04-30,2012-05-04,5,-0.037775050730307624
A2,48,QQQ,2012-08-07,2012-10-11,47,0.012106564318050461
A2,53,QQQ,2013-01-15,2013-02-26,29,-0.005973446521354342
A2,55,QQQ,2013-03-01,2013-06-13,73,0.08686189297983771
A2,57,QQQ,2013-07-08,2013-09-03,41,0.045742728685879586
A2,59,QQQ,2013-09-06,2013-12-24,77,0.14512187486645822
A2,61,QQQ,2014-01-06,2014-03-26,56,0.014927406895811846
A2,64,QQQ,2014-04-02,2014-04-08,5,-0.03217116982836121
A2,66,QQQ,2014-04-29,2014-05-01,3,0.013646047131676386
A2,68,QQQ,2014-05-14,2014-05-15,2,-0.01302529804524677
A2,70,QQQ,2014-05-28,2014-08-07,51,0.038166780637802766
A2,72,QQQ,2014-08-15,2014-09-29,31,0.02016591012893798
A2,74,QQQ,2014-10-06,2014-10-13,6,-0.053071385142135274
A2,76,QQQ,2014-10-27,2014-12-17,37,0.03224470057266604
A2,78,QQQ,2014-12-22,2015-01-02,8,-0.013228637734060245
A2,80,QQQ,2015-01-26,2015-01-28,3,-0.03203536167079568
A2,82,QQQ,2015-02-03,2015-03-26,37,0.032964478742592895
A2,84,QQQ,2015-04-10,2015-06-17,48,0.016680596957760807
A2,86,QQQ,2015-06-22,2015-06-30,7,-0.02566210050471507
A2,88,QQQ,2015-07-15,2015-08-19,26,-0.0011789176856324968
A2,95,QQQ,2015-10-27,2015-12-22,40,-0.006456266092613738
A2,97,QQQ,2015-12-31,2016-01-04,2,-0.03328341621800546
A2,103,QQQ,2016-04-14,2016-04-29,12,-0.04679471851715822
A2,105,QQQ,2016-05-24,2016-06-20,19,0.010490292254681677
A2,107,QQQ,2016-06-24,2016-06-27,2,-0.06021896575700292
A2,110,QQQ,2016-07-12,2016-09-13,45,0.03930412337890887
A2,112,QQQ,2016-09-19,2016-11-01,32,-0.010060662834046274
A2,114,QQQ,2016-11-10,2016-11-11,2,-0.01572427341818472
A2,116,QQQ,2016-11-21,2016-12-02,9,-0.013808835201997938
A2,118,QQQ,2016-12-09,2017-04-17,87,0.11447308009372459
A2,120,QQQ,2017-04-21,2017-06-05,31,0.08175530723090874
A2,122,QQQ,2017-06-08,2017-08-21,52,-0.013845825159397807
A2,124,QQQ,2017-08-30,2018-01-25,102,0.18256462332049006
A2,126,QQQ,2018-02-05,2018-03-26,35,0.00034443285674079505
A2,129,QQQ,2018-04-19,2018-04-20,2,-0.024873757696949883
A2,131,QQQ,2018-05-08,2018-07-05,41,0.04240950528873877
A2,133,QQQ,2018-07-10,2018-10-11,67,-0.04111309705845556
A2,140,QQQ,2019-03-11,2019-05-14,46,0.056660398464223105
A2,142,QQQ,2019-06-11,2019-08-06,40,0.002812694149539663
A2,144,QQQ,2019-08-23,2019-08-26,2,-0.01701942280823765
A2,146,QQQ,2019-09-03,2019-10-02,22,-0.016263015527913094
A2,150,QQQ,2019-10-17,2019-10-21,3,0.0018134770027120606
A2,152,QQQ,2019-10-25,2020-01-09,52,0.13073719410095408
A2,154,QQQ,2020-01-29,2020-02-11,10,0.047685303651012534
A2,156,QQQ,2020-02-26,2020-03-10,10,-0.05228234860153924
A2,165,QQQ,2020-05-22,2020-06-03,8,0.03416799914139257
A2,167,QQQ,2020-09-25,2020-09-28,2,0.04450060804234157
A2,169,QQQ,2020-10-26,2020-11-02,6,-0.05183695451099357
A2,171,QQQ,2020-11-06,2020-11-09,2,-0.019701995901250435
A2,173,QQQ,2020-11-13,2020-12-18,25,0.07510387705852994
A2,175,QQQ,2020-12-23,2021-02-11,34,0.08012678730958656
A2,177,QQQ,2021-02-19,2021-02-25,5,-0.059073004905044524
A2,179,QQQ,2021-03-08,2021-04-16,29,0.10937516115503221
A2,181,QQQ,2021-04-21,2021-05-10,14,-0.031657688533084705
A2,184,QQQ,2021-05-24,2021-10-05,94,0.09535259519052142
A2,186,QQQ,2021-10-08,2021-10-11,2,-0.012618119085932689
A2,188,QQQ,2021-10-20,2022-01-10,57,0.01365074847595582
A2,199,QQQ,2022-08-24,2022-08-31,6,-0.04721445930433421
A2,201,QQQ,2022-09-13,2022-09-23,9,-0.11178129493738531
A2,207,QQQ,2023-01-13,2023-01-20,5,0.013008538181884521
A2,209,QQQ,2023-02-23,2023-03-03,7,0.01845345319761238
A2,211,QQQ,2023-03-16,2023-03-22,5,0.02563799653929144
A2,213,QQQ,2023-04-11,2023-05-30,35,0.10101642452271942
A2,215,QQQ,2023-06-09,2023-06-13,3,0.028628129443512673
A2,217,QQQ,2023-06-23,2023-07-14,15,0.03522953259070705
A2,219,QQQ,2023-07-24,2023-08-14,16,-0.014056308723806143
A2,221,QQQ,2023-08-31,2023-09-22,16,-0.04890909848920122
A2,227,QQQ,2023-11-09,2023-12-27,33,0.10618010208870543
A2,229,QQQ,2024-01-03,2024-01-22,13,0.047542317778352494
A2,231,QQQ,2024-02-01,2024-04-17,53,0.022623040896045277
A2,233,QQQ,2024-05-07,2024-07-25,55,0.042585750331403105
A2,235,QQQ,2024-08-15,2024-09-06,16,-0.03034160437230138
A2,237,QQQ,2024-09-23,2024-10-02,8,0.00038818694643572016
A2,239,QQQ,2024-10-11,2025-01-08,61,0.047729092203269374
A2,241,QQQ,2025-01-22,2025-02-27,26,-0.04674143991023971
A2,248,QQQ,2025-05-29,2025-07-18,35,0.08282831916122668
A2,250,QQQ,2025-07-23,2025-10-29,70,0.1340883324983102
A2,252,QQQ,2025-11-03,2026-02-04,64,-0.03583005174808196
A2,254,QQQ,2026-02-11,2026-02-12,2,-0.01771134450536105
A2,256,QQQ,2026-02-23,2026-02-27,5,-0.0024965720369660716
A2,258,QQQ,2026-04-16,2026-05-11,18,0.11906172897259859
A2,260,QQQ,2026-05-20,2026-05-22,3,0.022821467799980732
A2,262,QQQ,2026-06-09,2026-06-16,6,0.019257864777938893
A2,264,QQQ,2026-06-25,2026-07-17,16,-0.021516391506578025
A2,2,QLD,2010-03-16,2010-04-14,21,0.11494332704409627
A2,4,QLD,2010-04-20,2010-04-21,2,0.0217541792690501
A2,6,QLD,2010-04-29,2010-05-07,7,-0.15531572025913487
A2,8,QLD,2010-05-14,2010-06-02,13,-0.0700656757142245
A2,14,QLD,2010-08-09,2010-08-10,2,-0.0029849372397395824
A2,16,QLD,2010-08-19,2010-08-23,3,-0.046592625669900856
A2,18,QLD,2010-09-07,2011-03-11,130,0.4948456360568265
A2,20,QLD,2011-03-28,2011-04-18,16,-0.022115718404851825
A2,22,QLD,2011-04-21,2011-05-25,24,-0.0385961800128265
A2,25,QLD,2011-07-06,2011-07-28,17,-0.0026081332238289123
A2,35,QLD,2011-10-31,2011-11-18,15,-0.12072708298583001
A2,37,QLD,2011-12-02,2011-12-14,9,-0.0658566363501959
A2,39,QLD,2011-12-22,2011-12-23,2,0.03503080654681057
A2,41,QLD,2011-12-30,2012-03-14,51,0.4051312552973594
A2,43,QLD,2012-04-09,2012-04-18,8,-0.03415077543270073
A2,45,QLD,2012-04-30,2012-05-04,5,-0.07546352363857445
A2,48,QLD,2012-08-07,2012-10-11,47,0.019708792356352145
A2,53,QLD,2013-01-15,2013-02-26,29,-0.01570321150226628
A2,55,QLD,2013-03-01,2013-06-13,73,0.17134086827922923
A2,57,QLD,2013-07-08,2013-09-03,41,0.08885636536103436
A2,59,QLD,2013-09-06,2013-12-24,77,0.30188877047536766
A2,61,QLD,2014-01-06,2014-03-26,56,0.021928015855537497
A2,64,QLD,2014-04-02,2014-04-08,5,-0.06441898295419857
A2,66,QLD,2014-04-29,2014-05-01,3,0.026971006593599522
A2,68,QLD,2014-05-14,2014-05-15,2,-0.025433627733552844
A2,70,QLD,2014-05-28,2014-08-07,51,0.07308888575337247
A2,72,QLD,2014-08-15,2014-09-29,31,0.03827046474215123
A2,74,QLD,2014-10-06,2014-10-13,6,-0.1049915637130685
A2,76,QLD,2014-10-27,2014-12-17,37,0.06142642086145056
A2,78,QLD,2014-12-22,2015-01-02,8,-0.024360026784661315
A2,80,QLD,2015-01-26,2015-01-28,3,-0.06351495649630723
A2,82,QLD,2015-02-03,2015-03-26,37,0.06273900902789475
A2,84,QLD,2015-04-10,2015-06-17,48,0.027934193427822773
A2,86,QLD,2015-06-22,2015-06-30,7,-0.050369857087966485
A2,88,QLD,2015-07-15,2015-08-19,26,-0.005169265937768008
A2,95,QLD,2015-10-27,2015-12-22,40,-0.019321523523370465
A2,97,QLD,2015-12-31,2016-01-04,2,-0.06534744241865065
A2,103,QLD,2016-04-14,2016-04-29,12,-0.0927509952368587
A2,105,QLD,2016-05-24,2016-06-20,19,0.01939981647181077
A2,107,QLD,2016-06-24,2016-06-27,2,-0.11669617879264249
A2,110,QLD,2016-07-12,2016-09-13,45,0.07503282171551273
A2,112,QLD,2016-09-19,2016-11-01,32,-0.022923336886713996
A2,114,QLD,2016-11-10,2016-11-11,2,-0.03138264745066377
A2,116,QLD,2016-11-21,2016-12-02,9,-0.02908370609285893
A2,118,QLD,2016-12-09,2017-04-17,87,0.2319983097135776
A2,120,QLD,2017-04-21,2017-06-05,31,0.16648033230476922
A2,122,QLD,2017-06-08,2017-08-21,52,-0.035312415772984274
A2,124,QLD,2017-08-30,2018-01-25,102,0.379438484618718
A2,126,QLD,2018-02-05,2018-03-26,35,-0.01336739011210164
A2,129,QLD,2018-04-19,2018-04-20,2,-0.04896826463827186
A2,131,QLD,2018-05-08,2018-07-05,41,0.07964617854539213
A2,133,QLD,2018-07-10,2018-10-11,67,-0.09330572320719821
A2,140,QLD,2019-03-11,2019-05-14,46,0.10458971473308232
A2,142,QLD,2019-06-11,2019-08-06,40,-0.002513369729477355
A2,144,QLD,2019-08-23,2019-08-26,2,-0.03564748931240358
A2,146,QLD,2019-09-03,2019-10-02,22,-0.03730481353059645
A2,150,QLD,2019-10-17,2019-10-21,3,0.003471162745244616
A2,152,QLD,2019-10-25,2020-01-09,52,0.26952821128515025
A2,154,QLD,2020-01-29,2020-02-11,10,0.09553470220182003
A2,156,QLD,2020-02-26,2020-03-10,10,-0.11897648771584202
A2,165,QLD,2020-05-22,2020-06-03,8,0.0685039084652066
A2,167,QLD,2020-09-25,2020-09-28,2,0.08937549275757828
A2,169,QLD,2020-10-26,2020-11-02,6,-0.1045429577809629
A2,171,QLD,2020-11-06,2020-11-09,2,-0.040740003715418416
A2,173,QLD,2020-11-13,2020-12-18,25,0.1510577480914277
A2,175,QLD,2020-12-23,2021-02-11,34,0.15844736051934638
A2,177,QLD,2021-02-19,2021-02-25,5,-0.11763344726960956
A2,179,QLD,2021-03-08,2021-04-16,29,0.22034670822899582
A2,181,QLD,2021-04-21,2021-05-10,14,-0.0648562702064498
A2,184,QLD,2021-05-24,2021-10-05,94,0.18711168765670494
A2,186,QLD,2021-10-08,2021-10-11,2,-0.025253847696439458
A2,188,QLD,2021-10-20,2022-01-10,57,0.016506032382110014
A2,199,QLD,2022-08-24,2022-08-31,6,-0.09539594754659297
A2,201,QLD,2022-09-13,2022-09-23,9,-0.21589093262825387
A2,207,QLD,2023-01-13,2023-01-20,5,0.02560092145733095
A2,209,QLD,2023-02-23,2023-03-03,7,0.034761961039559974
A2,211,QLD,2023-03-16,2023-03-22,5,0.049210763521531975
A2,213,QLD,2023-04-11,2023-05-30,35,0.1962924391743175
A2,215,QLD,2023-06-09,2023-06-13,3,0.05695883573657845
A2,217,QLD,2023-06-23,2023-07-14,15,0.06559443987735447
A2,219,QLD,2023-07-24,2023-08-14,16,-0.03277443031790517
A2,221,QLD,2023-08-31,2023-09-22,16,-0.09816492358693907
A2,227,QLD,2023-11-09,2023-12-27,33,0.20897640592179578
A2,229,QLD,2024-01-03,2024-01-22,13,0.0919118730180486
A2,231,QLD,2024-02-01,2024-04-17,53,0.025082865534530985
A2,233,QLD,2024-05-07,2024-07-25,55,0.06487396606990026
A2,235,QLD,2024-08-15,2024-09-06,16,-0.06724883709457197
A2,237,QLD,2024-09-23,2024-10-02,8,-0.000913168019955557
A2,239,QLD,2024-10-11,2025-01-08,61,0.07248310734639518
A2,241,QLD,2025-01-22,2025-02-27,26,-0.09929461642533144
A2,248,QLD,2025-05-29,2025-07-18,35,0.16015887392652361
A2,250,QLD,2025-07-23,2025-10-29,70,0.2595065194687298
A2,252,QLD,2025-11-03,2026-02-04,64,-0.0901576431929757
A2,254,QLD,2026-02-11,2026-02-12,2,-0.03599302266309934
A2,256,QLD,2026-02-23,2026-02-27,5,-0.005994214884336602
A2,258,QLD,2026-04-16,2026-05-11,18,0.24490633289551655
A2,260,QLD,2026-05-20,2026-05-22,3,0.04454169230986649
A2,262,QLD,2026-06-09,2026-06-16,6,0.03479676836786205
A2,264,QLD,2026-06-25,2026-07-17,16,-0.049352649650564295
A2,2,TQQQ,2010-03-16,2010-04-14,21,0.1779829447969976
A2,4,TQQQ,2010-04-20,2010-04-21,2,0.03264523461483981
A2,6,TQQQ,2010-04-29,2010-05-07,7,-0.22795749038447277
A2,8,TQQQ,2010-05-14,2010-06-02,13,-0.10981740406780593
A2,14,TQQQ,2010-08-09,2010-08-10,2,-0.004084897702342771
A2,16,TQQQ,2010-08-19,2010-08-23,3,-0.06657395270075428
A2,18,TQQQ,2010-09-07,2011-03-11,130,0.8010208854463552
A2,20,TQQQ,2011-03-28,2011-04-18,16,-0.033053184089824494
A2,22,TQQQ,2011-04-21,2011-05-25,24,-0.0589327975707411
A2,25,TQQQ,2011-07-06,2011-07-28,17,-0.006529114723055063
A2,35,TQQQ,2011-10-31,2011-11-18,15,-0.18051905446783956
A2,37,TQQQ,2011-12-02,2011-12-14,9,-0.0994843213909552
A2,39,TQQQ,2011-12-22,2011-12-23,2,0.05091502984886165
A2,41,TQQQ,2011-12-30,2012-03-14,51,0.6596656048690128
A2,43,TQQQ,2012-04-09,2012-04-18,8,-0.05231350071843455
A2,45,TQQQ,2012-04-30,2012-05-04,5,-0.10998967404242921
A2,48,TQQQ,2012-08-07,2012-10-11,47,0.02788523920246022
A2,53,TQQQ,2013-01-15,2013-02-26,29,-0.024647225583821375
A2,55,TQQQ,2013-03-01,2013-06-13,73,0.25651176869914094
A2,57,TQQQ,2013-07-08,2013-09-03,41,0.1340544236649992
A2,59,TQQQ,2013-09-06,2013-12-24,77,0.4769510114035542
A2,61,TQQQ,2014-01-06,2014-03-26,56,0.027916033490590353
A2,64,TQQQ,2014-04-02,2014-04-08,5,-0.09663437699557009
A2,66,TQQQ,2014-04-29,2014-05-01,3,0.0404249794961149
A2,68,TQQQ,2014-05-14,2014-05-15,2,-0.037653739108271855
A2,70,TQQQ,2014-05-28,2014-08-07,51,0.10924357488326653
A2,72,TQQQ,2014-08-15,2014-09-29,31,0.0558618686194674
A2,74,TQQQ,2014-10-06,2014-10-13,6,-0.1569392361716052
A2,76,TQQQ,2014-10-27,2014-12-17,37,0.0902993496705411
A2,78,TQQQ,2014-12-22,2015-01-02,8,-0.038241321724933774
A2,80,TQQQ,2015-01-26,2015-01-28,3,-0.09528584116652383
A2,82,TQQQ,2015-02-03,2015-03-26,37,0.09198484936859619
A2,84,TQQQ,2015-04-10,2015-06-17,48,0.03765893821292643
A2,86,TQQQ,2015-06-22,2015-06-30,7,-0.07359301687831599
A2,88,TQQQ,2015-07-15,2015-08-19,26,-0.008665736818092684
A2,95,TQQQ,2015-10-27,2015-12-22,40,-0.035016303056692344
A2,97,TQQQ,2015-12-31,2016-01-04,2,-0.09592852425044718
A2,103,TQQQ,2016-04-14,2016-04-29,12,-0.1344862835443471
A2,105,TQQQ,2016-05-24,2016-06-20,19,0.027558230725338362
A2,107,TQQQ,2016-06-24,2016-06-27,2,-0.17355869179898753
A2,110,TQQQ,2016-07-12,2016-09-13,45,0.11436677994403888
A2,112,TQQQ,2016-09-19,2016-11-01,32,-0.0342443205623304
A2,114,TQQQ,2016-11-10,2016-11-11,2,-0.04836080574306023
A2,116,TQQQ,2016-11-21,2016-12-02,9,-0.044343312243346866
A2,118,TQQQ,2016-12-09,2017-04-17,87,0.3629969021072752
A2,120,TQQQ,2017-04-21,2017-06-05,31,0.256987745167631
A2,122,TQQQ,2017-06-08,2017-08-21,52,-0.059088749541890584
A2,124,TQQQ,2017-08-30,2018-01-25,102,0.605326122008482
A2,126,TQQQ,2018-02-05,2018-03-26,35,-0.03668966020825626
A2,129,TQQQ,2018-04-19,2018-04-20,2,-0.07383696690113384
A2,131,TQQQ,2018-05-08,2018-07-05,41,0.11524514451011347
A2,133,TQQQ,2018-07-10,2018-10-11,67,-0.14765840019720766
A2,140,TQQQ,2019-03-11,2019-05-14,46,0.15076424817889156
A2,142,TQQQ,2019-06-11,2019-08-06,40,-0.012195105174854115
A2,144,TQQQ,2019-08-23,2019-08-26,2,-0.05472316909999664
A2,146,TQQQ,2019-09-03,2019-10-02,22,-0.05670369094635763
A2,150,TQQQ,2019-10-17,2019-10-21,3,0.0038208798177257197
A2,152,TQQQ,2019-10-25,2020-01-09,52,0.4230751926318661
A2,154,TQQQ,2020-01-29,2020-02-11,10,0.14356384052705162
A2,156,TQQQ,2020-02-26,2020-03-10,10,-0.19536060699309343
A2,165,TQQQ,2020-05-22,2020-06-03,8,0.10329883046768074
A2,167,TQQQ,2020-09-25,2020-09-28,2,0.13351973907207593
A2,169,TQQQ,2020-10-26,2020-11-02,6,-0.15656844147002025
A2,171,TQQQ,2020-11-06,2020-11-09,2,-0.057856728080318276
A2,173,TQQQ,2020-11-13,2020-12-18,25,0.23262407188162926
A2,175,TQQQ,2020-12-23,2021-02-11,34,0.23701784727843367
A2,177,TQQQ,2021-02-19,2021-02-25,5,-0.17247234816979162
A2,179,TQQQ,2021-03-08,2021-04-16,29,0.33488541211940537
A2,181,TQQQ,2021-04-21,2021-05-10,14,-0.09757473909643366
A2,184,TQQQ,2021-05-24,2021-10-05,94,0.28170026091350864
A2,186,TQQQ,2021-10-08,2021-10-11,2,-0.03722864419990002
A2,188,TQQQ,2021-10-20,2022-01-10,57,0.012250475132001615
A2,199,TQQQ,2022-08-24,2022-08-31,6,-0.14325293436135578
A2,201,TQQQ,2022-09-13,2022-09-23,9,-0.31102495170682265
A2,207,TQQQ,2023-01-13,2023-01-20,5,0.03450008627597745
A2,209,TQQQ,2023-02-23,2023-03-03,7,0.04872561249269869
A2,211,TQQQ,2023-03-16,2023-03-22,5,0.07416187695928378
A2,213,TQQQ,2023-04-11,2023-05-30,35,0.2959444851703321
A2,215,TQQQ,2023-06-09,2023-06-13,3,0.08761757952465454
A2,217,TQQQ,2023-06-23,2023-07-14,15,0.0966619446468624
A2,219,TQQQ,2023-07-24,2023-08-14,16,-0.05387667440354327
A2,221,TQQQ,2023-08-31,2023-09-22,16,-0.14989289684681217
A2,227,TQQQ,2023-11-09,2023-12-27,33,0.32225441858979265
A2,229,TQQQ,2024-01-03,2024-01-22,13,0.13775186717663757
A2,231,TQQQ,2024-02-01,2024-04-17,53,0.0240082321590247
A2,233,TQQQ,2024-05-07,2024-07-25,55,0.08456249567333152
A2,235,TQQQ,2024-08-15,2024-09-06,16,-0.10491582767836949
A2,237,TQQQ,2024-09-23,2024-10-02,8,-0.003216805959980973
A2,239,TQQQ,2024-10-11,2025-01-08,61,0.09226980201901891
A2,241,TQQQ,2025-01-22,2025-02-27,26,-0.15239001258163487
A2,248,TQQQ,2025-05-29,2025-07-18,35,0.2422221911893634
A2,250,TQQQ,2025-07-23,2025-10-29,70,0.3924487670443275
A2,252,TQQQ,2025-11-03,2026-02-04,64,-0.14602615573159516
A2,254,TQQQ,2026-02-11,2026-02-12,2,-0.05409644330582941
A2,256,TQQQ,2026-02-23,2026-02-27,5,-0.010787020475287012
A2,258,TQQQ,2026-04-16,2026-05-11,18,0.38292901545483105
A2,260,TQQQ,2026-05-20,2026-05-22,3,0.0673248176965755
A2,262,TQQQ,2026-06-09,2026-06-16,6,0.04798746167120038
A2,264,TQQQ,2026-06-25,2026-07-17,16,-0.07871765391860452
A2,2,XLV,2010-03-16,2010-04-14,21,-0.0010351328337755428
A2,4,XLV,2010-04-20,2010-04-21,2,-0.015365657965920376
A2,6,XLV,2010-04-29,2010-05-07,7,-0.036940977527266106
A2,8,XLV,2010-05-14,2010-06-02,13,-0.039829054731807756
A2,14,XLV,2010-08-09,2010-08-10,2,0.005048614934276552
A2,16,XLV,2010-08-19,2010-08-23,3,-0.0174003150461306
A2,18,XLV,2010-09-07,2011-03-11,130,0.13262450348422528
A2,20,XLV,2011-03-28,2011-04-18,16,0.026629897586841977
A2,22,XLV,2011-04-21,2011-05-25,24,0.04304504163512468
A2,25,XLV,2011-07-06,2011-07-28,17,-0.04350271351607626
A2,35,XLV,2011-10-31,2011-11-18,15,-0.03975429553522136
A2,37,XLV,2011-12-02,2011-12-14,9,-0.017388978505901154
A2,39,XLV,2011-12-22,2011-12-23,2,0.013690607324529314
A2,41,XLV,2011-12-30,2012-03-14,51,0.06417298779279967
A2,43,XLV,2012-04-09,2012-04-18,8,-0.012796265852679234
A2,45,XLV,2012-04-30,2012-05-04,5,-0.015454314955578696
A2,48,XLV,2012-08-07,2012-10-11,47,0.053782655297436754
A2,53,XLV,2013-01-15,2013-02-26,29,0.028940751368153217
A2,55,XLV,2013-03-01,2013-06-13,73,0.12383023631221501
A2,57,XLV,2013-07-08,2013-09-03,41,0.027374716230722518
A2,59,XLV,2013-09-06,2013-12-24,77,0.10550906048005015
A2,61,XLV,2014-01-06,2014-03-26,56,0.054304581519655226
A2,64,XLV,2014-04-02,2014-04-08,5,-0.0322797477867135
A2,66,XLV,2014-04-29,2014-05-01,3,0.009007790307565378
A2,68,XLV,2014-05-14,2014-05-15,2,-0.009401778704987485
A2,70,XLV,2014-05-28,2014-08-07,51,0.012045664452975613
A2,72,XLV,2014-08-15,2014-09-29,31,0.041826726685220805
A2,74,XLV,2014-10-06,2014-10-13,6,-0.045490038871837
A2,76,XLV,2014-10-27,2014-12-17,37,0.052293118336058875
A2,78,XLV,2014-12-22,2015-01-02,8,-0.025280389770105605
A2,80,XLV,2015-01-26,2015-01-28,3,-0.01635186188772697
A2,82,XLV,2015-02-03,2015-03-26,37,0.043968283298570165
A2,84,XLV,2015-04-10,2015-06-17,48,0.02097312380404226
A2,86,XLV,2015-06-22,2015-06-30,7,-0.01743500603817727
A2,88,XLV,2015-07-15,2015-08-19,26,-0.012519563310884552
A2,95,XLV,2015-10-27,2015-12-22,40,0.03323796009587898
A2,97,XLV,2015-12-31,2016-01-04,2,-0.026829592193499896
A2,103,XLV,2016-04-14,2016-04-29,12,-0.00342709037221256
A2,105,XLV,2016-05-24,2016-06-20,19,0.01979235000054791
A2,107,XLV,2016-06-24,2016-06-27,2,-0.04202885392802391
A2,110,XLV,2016-07-12,2016-09-13,45,-0.02571793769252473
A2,112,XLV,2016-09-19,2016-11-01,32,-0.07086360218119536
A2,114,XLV,2016-11-10,2016-11-11,2,-0.0040969783657962555
A2,116,XLV,2016-11-21,2016-12-02,9,-0.018507703491828953
A2,118,XLV,2016-12-09,2017-04-17,87,0.10035474878802231
A2,120,XLV,2017-04-21,2017-06-05,31,0.041554211582810474
A2,122,XLV,2017-06-08,2017-08-21,52,0.01866284220337522
A2,124,XLV,2017-08-30,2018-01-25,102,0.1355561921778674
A2,126,XLV,2018-02-05,2018-03-26,35,-0.060815711332951716
A2,129,XLV,2018-04-19,2018-04-20,2,-0.013696656303661237
A2,131,XLV,2018-05-08,2018-07-05,41,0.05222727235229052
A2,133,XLV,2018-07-10,2018-10-11,67,0.03923889855107032
A2,140,XLV,2019-03-11,2019-05-14,46,-0.015586983219182726
A2,142,XLV,2019-06-11,2019-08-06,40,-0.009155958207970771
A2,144,XLV,2019-08-23,2019-08-26,2,-0.012876864761715345
A2,146,XLV,2019-09-03,2019-10-02,22,-0.025217428220645655
A2,150,XLV,2019-10-17,2019-10-21,3,0.002624821250075904
A2,152,XLV,2019-10-25,2020-01-09,52,0.1294829610370396
A2,154,XLV,2020-01-29,2020-02-11,10,0.01986712544155189
A2,156,XLV,2020-02-26,2020-03-10,10,-0.019252350317303657
A2,165,XLV,2020-05-22,2020-06-03,8,0.029876372868540946
A2,167,XLV,2020-09-25,2020-09-28,2,0.025248799675847033
A2,169,XLV,2020-10-26,2020-11-02,6,-0.040159275370181824
A2,171,XLV,2020-11-06,2020-11-09,2,0.009737960016305003
A2,173,XLV,2020-11-13,2020-12-18,25,0.02059254764467089
A2,175,XLV,2020-12-23,2021-02-11,34,0.04807764459123809
A2,177,XLV,2021-02-19,2021-02-25,5,-0.019169155020843043
A2,179,XLV,2021-03-08,2021-04-16,29,0.07858465066319065
A2,181,XLV,2021-04-21,2021-05-10,14,0.0184456498751433
A2,184,XLV,2021-05-24,2021-10-05,94,0.021859538055435168
A2,186,XLV,2021-10-08,2021-10-11,2,-0.012776394581126005
A2,188,XLV,2021-10-20,2022-01-10,57,0.05810050908602937
A2,199,XLV,2022-08-24,2022-08-31,6,-0.03548528971862941
A2,201,XLV,2022-09-13,2022-09-23,9,-0.062044453358925056
A2,207,XLV,2023-01-13,2023-01-20,5,-0.0069707582699642945
A2,209,XLV,2023-02-23,2023-03-03,7,-0.0051601064297254196
A2,211,XLV,2023-03-16,2023-03-22,5,-0.0002319458664081786
A2,213,XLV,2023-04-11,2023-05-30,35,-0.050138554143036695
A2,215,XLV,2023-06-09,2023-06-13,3,0.011767532573985662
A2,217,XLV,2023-06-23,2023-07-14,15,-0.005587538373778678
A2,219,XLV,2023-07-24,2023-08-14,16,-0.0011745371925392378
A2,221,XLV,2023-08-31,2023-09-22,16,-0.03067930702561983
A2,227,XLV,2023-11-09,2023-12-27,33,0.06497955631690866
A2,229,XLV,2024-01-03,2024-01-22,13,0.009295402953826803
A2,231,XLV,2024-02-01,2024-04-17,53,-0.010258557022965076
A2,233,XLV,2024-05-07,2024-07-25,55,0.05872930444227542
A2,235,XLV,2024-08-15,2024-09-06,16,0.014430768993874965
A2,237,XLV,2024-09-23,2024-10-02,8,-0.011654706368876222
A2,239,XLV,2024-10-11,2025-01-08,61,-0.0766129086234082
A2,241,XLV,2025-01-22,2025-02-27,26,0.03312277081836967
A2,248,XLV,2025-05-29,2025-07-18,35,0.007524806840392584
A2,250,XLV,2025-07-23,2025-10-29,70,0.08319063342944832
A2,252,XLV,2025-11-03,2026-02-04,64,0.08627000623648895
A2,254,XLV,2026-02-11,2026-02-12,2,0.00431336358047707
A2,256,XLV,2026-02-23,2026-02-27,5,0.021553359815283724
A2,258,XLV,2026-04-16,2026-05-11,18,-0.03200918673118047
A2,260,XLV,2026-05-20,2026-05-22,3,0.017444915515641313
A2,262,XLV,2026-06-09,2026-06-16,6,0.0018998723211107738
A2,264,XLV,2026-06-25,2026-07-17,16,0.05047270900759071
A2,2,GLD,2010-03-16,2010-04-14,21,0.04309706665412483
A2,4,GLD,2010-04-20,2010-04-21,2,0.010436311442107993
A2,6,GLD,2010-04-29,2010-05-07,7,0.034642631170058724
A2,8,GLD,2010-05-14,2010-06-02,13,-0.0064697975704401944
A2,14,GLD,2010-08-09,2010-08-10,2,-0.0009334095754860439
A2,16,GLD,2010-08-19,2010-08-23,3,-0.0036599770166237944
A2,18,GLD,2010-09-07,2011-03-11,130,0.13425242514697433
A2,20,GLD,2011-03-28,2011-04-18,16,0.04789601057048665
A2,22,GLD,2011-04-21,2011-05-25,24,0.01419796471709689
A2,25,GLD,2011-07-06,2011-07-28,17,0.0656370800034729
A2,35,GLD,2011-10-31,2011-11-18,15,-0.011791062714146427
A2,37,GLD,2011-12-02,2011-12-14,9,-0.09868540359194566
A2,39,GLD,2011-12-22,2011-12-23,2,-0.005408539601100659
A2,41,GLD,2011-12-30,2012-03-14,51,0.06139424777943736
A2,43,GLD,2012-04-09,2012-04-18,8,0.006316720456204461
A2,45,GLD,2012-04-30,2012-05-04,5,-0.011835441841114847
A2,48,GLD,2012-08-07,2012-10-11,47,0.09609727433906157
A2,53,GLD,2013-01-15,2013-02-26,29,-0.03293297193597455
A2,55,GLD,2013-03-01,2013-06-13,73,-0.1258823170381438
A2,57,GLD,2013-07-08,2013-09-03,41,0.15522061478101046
A2,59,GLD,2013-09-06,2013-12-24,77,-0.12178516524795668
A2,61,GLD,2014-01-06,2014-03-26,56,0.05130356861105145
A2,64,GLD,2014-04-02,2014-04-08,5,0.021881813450018495
A2,66,GLD,2014-04-29,2014-05-01,3,-0.008648256129190401
A2,68,GLD,2014-05-14,2014-05-15,2,0.0013643512923526835
A2,70,GLD,2014-05-28,2014-08-07,51,0.03553550993251964
A2,72,GLD,2014-08-15,2014-09-29,31,-0.07347002579896289
A2,74,GLD,2014-10-06,2014-10-13,6,0.03411566191337845
A2,76,GLD,2014-10-27,2014-12-17,37,-0.034474033659974146
A2,78,GLD,2014-12-22,2015-01-02,8,-0.006011979020593805
A2,80,GLD,2015-01-26,2015-01-28,3,-0.006520205796509582
A2,82,GLD,2015-02-03,2015-03-26,37,-0.05669004178903991
A2,84,GLD,2015-04-10,2015-06-17,48,-0.007150952366948404
A2,86,GLD,2015-06-22,2015-06-30,7,-0.023888116177808505
A2,88,GLD,2015-07-15,2015-08-19,26,-0.019776005546846553
A2,95,GLD,2015-10-27,2015-12-22,40,-0.07915282841845717
A2,97,GLD,2015-12-31,2016-01-04,2,0.014494194904779878
A2,103,GLD,2016-04-14,2016-04-29,12,0.04108785906156198
A2,105,GLD,2016-05-24,2016-06-20,19,0.03216885523612456
A2,107,GLD,2016-06-24,2016-06-27,2,0.054699855644310125
A2,110,GLD,2016-07-12,2016-09-13,45,-0.02738025732817928
A2,112,GLD,2016-09-19,2016-11-01,32,-0.01863101109184384
A2,114,GLD,2016-11-10,2016-11-11,2,-0.036689693764783704
A2,116,GLD,2016-11-21,2016-12-02,9,-0.026139835834513736
A2,118,GLD,2016-12-09,2017-04-17,87,0.09563501118697393
A2,120,GLD,2017-04-21,2017-06-05,31,-0.0018858292002751353
A2,122,GLD,2017-06-08,2017-08-21,52,0.0025316880009347287
A2,124,GLD,2017-08-30,2018-01-25,102,0.028532415238726516
A2,126,GLD,2018-02-05,2018-03-26,35,0.014953709935718207
A2,129,GLD,2018-04-19,2018-04-20,2,-0.009542442199950929
A2,131,GLD,2018-05-08,2018-07-05,41,-0.04431240793601565
A2,133,GLD,2018-07-10,2018-10-11,67,-0.028283698727859408
A2,140,GLD,2019-03-11,2019-05-14,46,-0.0030934326338847296
A2,142,GLD,2019-06-11,2019-08-06,40,0.10835395861048824
A2,144,GLD,2019-08-23,2019-08-26,2,0.019731320122718055
A2,146,GLD,2019-09-03,2019-10-02,22,-0.017321777343750067
A2,150,GLD,2019-10-17,2019-10-21,3,-0.004415713694222001
A2,152,GLD,2019-10-25,2020-01-09,52,0.03179537934581256
A2,154,GLD,2020-01-29,2020-02-11,10,0.0
A2,156,GLD,2020-02-26,2020-03-10,10,0.007697277575284156
A2,165,GLD,2020-05-22,2020-06-03,8,-0.016332782104680366
A2,167,GLD,2020-09-25,2020-09-28,2,0.007181911133732122
A2,169,GLD,2020-10-26,2020-11-02,6,-0.004086406907933271
A2,171,GLD,2020-11-06,2020-11-09,2,-0.04291254118530263
A2,173,GLD,2020-11-13,2020-12-18,25,0.0027278683179388086
A2,175,GLD,2020-12-23,2021-02-11,34,-0.01879763124556355
A2,177,GLD,2021-02-19,2021-02-25,5,-0.0030062528738669103
A2,179,GLD,2021-03-08,2021-04-16,29,0.04530606221892519
A2,181,GLD,2021-04-21,2021-05-10,14,0.0338179062187538
A2,184,GLD,2021-05-24,2021-10-05,94,-0.06504202104593082
A2,186,GLD,2021-10-08,2021-10-11,2,-0.0014620217337352193
A2,188,GLD,2021-10-20,2022-01-10,57,0.016983968633572655
A2,199,GLD,2022-08-24,2022-08-31,6,-0.02150273335461339
A2,201,GLD,2022-09-13,2022-09-23,9,-0.047438275193577684
A2,207,GLD,2023-01-13,2023-01-20,5,0.015002229991174287
A2,209,GLD,2023-02-23,2023-03-03,7,0.0166804300953034
A2,211,GLD,2023-03-16,2023-03-22,5,0.029347374055915365
A2,213,GLD,2023-04-11,2023-05-30,35,-0.016584772913921464
A2,215,GLD,2023-06-09,2023-06-13,3,-0.010902347594765716
A2,217,GLD,2023-06-23,2023-07-14,15,0.020932900913698704
A2,219,GLD,2023-07-24,2023-08-14,16,-0.028104047222679118
A2,221,GLD,2023-08-31,2023-09-22,16,-0.009427751430680975
A2,227,GLD,2023-11-09,2023-12-27,33,0.0653869103616016
A2,229,GLD,2024-01-03,2024-01-22,13,-0.01835150994965551
A2,231,GLD,2024-02-01,2024-04-17,53,0.16524276940264948
A2,233,GLD,2024-05-07,2024-07-25,55,0.014544632561334314
A2,235,GLD,2024-08-15,2024-09-06,16,0.01958447389185447
A2,237,GLD,2024-09-23,2024-10-02,8,0.014243824997361987
A2,239,GLD,2024-10-11,2025-01-08,61,0.012519533788143633
A2,241,GLD,2025-01-22,2025-02-27,26,0.04661631400999444
A2,248,GLD,2025-05-29,2025-07-18,35,0.015075267853753127
A2,250,GLD,2025-07-23,2025-10-29,70,0.14837074657039362
A2,252,GLD,2025-11-03,2026-02-04,64,0.2332120157618327
A2,254,GLD,2026-02-11,2026-02-12,2,-0.023810509068716845
A2,256,GLD,2026-02-23,2026-02-27,5,0.03228629815300321
A2,258,GLD,2026-04-16,2026-05-11,18,-0.013190749832692306
A2,260,GLD,2026-05-20,2026-05-22,3,0.005637927883885174
A2,262,GLD,2026-06-09,2026-06-16,6,0.000906224681191059
A2,264,GLD,2026-06-25,2026-07-17,16,0.0068047391315113614
A3,3,QQQ,2010-04-15,2010-04-19,3,-0.008215069837956612
A3,5,QQQ,2010-04-22,2010-04-28,5,-0.013192021060848824
A3,42,QQQ,2012-03-15,2012-04-05,16,0.020227818723253188
A3,60,QQQ,2013-12-26,2014-01-03,6,-0.00926224854335067
A3,121,QQQ,2017-06-06,2017-06-07,2,-6.936236972643339e-05
A3,125,QQQ,2018-01-26,2018-02-02,6,-0.022215491280164756
A3,153,QQQ,2020-01-10,2020-01-28,12,0.011233324143409718
A3,155,QQQ,2020-02-12,2020-02-25,9,-0.07172075610552753
A3,166,QQQ,2020-06-04,2020-09-24,79,0.12320533491861196
A3,168,QQQ,2020-09-29,2020-10-23,19,0.027200716700515937
A3,172,QQQ,2020-11-10,2020-11-12,3,-0.0006581909040314082
A3,174,QQQ,2020-12-21,2020-12-22,2,0.0008434018395753196
A3,176,QQQ,2021-02-12,2021-02-18,4,-0.006306619076533626
A3,180,QQQ,2021-04-19,2021-04-20,2,-0.01637367902423259
A3,214,QQQ,2023-05-31,2023-06-08,7,0.009057561728299524
A3,216,QQQ,2023-06-14,2023-06-22,6,0.009393474486527609
A3,218,QQQ,2023-07-17,2023-07-21,5,-0.00907471952665262
A3,228,QQQ,2023-12-28,2024-01-02,3,-0.021652618775994892
A3,230,QQQ,2024-01-23,2024-01-31,7,-0.011286884007024822
A3,249,QQQ,2025-07-21,2025-07-22,2,-1.781107757248268e-05
A3,251,QQQ,2025-10-30,2025-10-31,2,-0.010538469402316175
A3,259,QQQ,2026-05-12,2026-05-19,6,-0.016486869560107364
A3,261,QQQ,2026-05-26,2026-06-08,10,-0.0020486627659929146
A3,263,QQQ,2026-06-17,2026-06-24,5,-0.02529121426644121
A3,3,QLD,2010-04-15,2010-04-19,3,-0.016825042669668333
A3,5,QLD,2010-04-22,2010-04-28,5,-0.02668536010262934
A3,42,QLD,2012-03-15,2012-04-05,16,0.03877939115113471
A3,60,QLD,2013-12-26,2014-01-03,6,-0.018875484031050993
A3,121,QLD,2017-06-06,2017-06-07,2,-0.0002392402013029482
A3,125,QLD,2018-01-26,2018-02-02,6,-0.04598126479525966
A3,153,QLD,2020-01-10,2020-01-28,12,0.01911596572799379
A3,155,QLD,2020-02-12,2020-02-25,9,-0.14120325547362678
A3,166,QLD,2020-06-04,2020-09-24,79,0.2318350015869699
A3,168,QLD,2020-09-29,2020-10-23,19,0.05161997355010106
A3,172,QLD,2020-11-10,2020-11-12,3,-0.0010259101951796135
A3,174,QLD,2020-12-21,2020-12-22,2,0.0022303750118612964
A3,176,QLD,2021-02-12,2021-02-18,4,-0.012985734192816789
A3,180,QLD,2021-04-19,2021-04-20,2,-0.03339028909115904
A3,214,QLD,2023-05-31,2023-06-08,7,0.01566803398575134
A3,216,QLD,2023-06-14,2023-06-22,6,0.017161069616213442
A3,218,QLD,2023-07-17,2023-07-21,5,-0.020272291571816092
A3,228,QLD,2023-12-28,2024-01-02,3,-0.043750103646954086
A3,230,QLD,2024-01-23,2024-01-31,7,-0.024815947741759325
A3,249,QLD,2025-07-21,2025-07-22,2,-0.00032963067514357736
A3,251,QLD,2025-10-30,2025-10-31,2,-0.021535536610412298
A3,259,QLD,2026-05-12,2026-05-19,6,-0.0339259407228214
A3,261,QLD,2026-05-26,2026-06-08,10,-0.00912999257132796
A3,263,QLD,2026-06-17,2026-06-24,5,-0.05268724638640865
A3,3,TQQQ,2010-04-15,2010-04-19,3,-0.02423435107575822
A3,5,TQQQ,2010-04-22,2010-04-28,5,-0.04014209409128355
A3,42,TQQQ,2012-03-15,2012-04-05,16,0.05854001916864138
A3,60,TQQQ,2013-12-26,2014-01-03,6,-0.028672726897944645
A3,121,TQQQ,2017-06-06,2017-06-07,2,-0.0005400635032344336
A3,125,TQQQ,2018-01-26,2018-02-02,6,-0.06911193731988652
A3,153,TQQQ,2020-01-10,2020-01-28,12,0.02862306376949353
A3,155,TQQQ,2020-02-12,2020-02-25,9,-0.2074619927042214
A3,166,TQQQ,2020-06-04,2020-09-24,79,0.3211729620888224
A3,168,TQQQ,2020-09-29,2020-10-23,19,0.07385127710488826
A3,172,TQQQ,2020-11-10,2020-11-12,3,-0.005134989316419869
A3,174,TQQQ,2020-12-21,2020-12-22,2,0.004130087705005003
A3,176,TQQQ,2021-02-12,2021-02-18,4,-0.018934123557226124
A3,180,TQQQ,2021-04-19,2021-04-20,2,-0.048564686405667135
A3,214,TQQQ,2023-05-31,2023-06-08,7,0.020016772827973872
A3,216,TQQQ,2023-06-14,2023-06-22,6,0.02330211968713569
A3,218,TQQQ,2023-07-17,2023-07-21,5,-0.030213725404578673
A3,228,TQQQ,2023-12-28,2024-01-02,3,-0.06616224902991397
A3,230,TQQQ,2024-01-23,2024-01-31,7,-0.03871425629349534
A3,249,TQQQ,2025-07-21,2025-07-22,2,-0.0005764288233885972
A3,251,TQQQ,2025-10-30,2025-10-31,2,-0.03225276669820709
A3,259,TQQQ,2026-05-12,2026-05-19,6,-0.0523648892020363
A3,261,TQQQ,2026-05-26,2026-06-08,10,-0.0201695475885304
A3,263,TQQQ,2026-06-17,2026-06-24,5,-0.08083611232852084
A3,3,XLV,2010-04-15,2010-04-19,3,-0.0006266913747253744
A3,5,XLV,2010-04-22,2010-04-28,5,-0.017197261016966503
A3,42,XLV,2012-03-15,2012-04-05,16,0.019451080065508997
A3,60,XLV,2013-12-26,2014-01-03,6,0.004362383511918866
A3,121,XLV,2017-06-06,2017-06-07,2,0.0002590840777478842
A3,125,XLV,2018-01-26,2018-02-02,6,-0.030353931750231267
A3,153,XLV,2020-01-10,2020-01-28,12,-0.0057409787095302756
A3,155,XLV,2020-02-12,2020-02-25,9,-0.06793992911530167
A3,166,XLV,2020-06-04,2020-09-24,79,-0.0015200623255225976
A3,168,XLV,2020-09-29,2020-10-23,19,0.03722951913125683
A3,172,XLV,2020-11-10,2020-11-12,3,-0.002072998230676415
A3,174,XLV,2020-12-21,2020-12-22,2,-0.013026855335962817
A3,176,XLV,2021-02-12,2021-02-18,4,-0.0051542210436353875
A3,180,XLV,2021-04-19,2021-04-20,2,0.0041160113264493425
A3,214,XLV,2023-05-31,2023-06-08,7,0.025879789142474907
A3,216,XLV,2023-06-14,2023-06-22,6,0.010909549847191391
A3,218,XLV,2023-07-17,2023-07-21,5,0.0344726171901224
A3,228,XLV,2023-12-28,2024-01-02,3,0.021267023522817174
A3,230,XLV,2024-01-23,2024-01-31,7,0.0022131218385699203
A3,249,XLV,2025-07-21,2025-07-22,2,0.0128186181139891
A3,251,XLV,2025-10-30,2025-10-31,2,0.0018753140998160056
A3,259,XLV,2026-05-12,2026-05-19,6,0.029921758111017382
A3,261,XLV,2026-05-26,2026-06-08,10,0.01841348998134773
A3,263,XLV,2026-06-17,2026-06-24,5,0.007102869146270674
A3,3,GLD,2010-04-15,2010-04-19,3,-0.01663272824667439
A3,5,GLD,2010-04-22,2010-04-28,5,0.017807853650398053
A3,42,GLD,2012-03-15,2012-04-05,16,-0.007896281931383253
A3,60,GLD,2013-12-26,2014-01-03,6,0.02747633491241852
A3,121,GLD,2017-06-06,2017-06-07,2,0.005914676509105377
A3,125,GLD,2018-01-26,2018-02-02,6,-0.012346657935321415
A3,153,GLD,2020-01-10,2020-01-28,12,0.011162123511868405
A3,155,GLD,2020-02-12,2020-02-25,9,0.03819585026256944
A3,166,GLD,2020-06-04,2020-09-24,79,0.09924809355970021
A3,168,GLD,2020-09-29,2020-10-23,19,0.010979074560903745
A3,172,GLD,2020-11-10,2020-11-12,3,0.005026301539919231
A3,174,GLD,2020-12-21,2020-12-22,2,-0.011051898216164258
A3,176,GLD,2021-02-12,2021-02-18,4,-0.028561411120208713
A3,180,GLD,2021-04-19,2021-04-20,2,0.0007814224181186269
A3,214,GLD,2023-05-31,2023-06-08,7,0.002691746381213278
A3,216,GLD,2023-06-14,2023-06-22,6,-0.01567512283984862
A3,218,GLD,2023-07-17,2023-07-21,5,0.004133825884787834
A3,228,GLD,2023-12-28,2024-01-02,3,-0.009709720923960607
A3,230,GLD,2024-01-23,2024-01-31,7,0.006569788054264114
A3,249,GLD,2025-07-21,2025-07-22,2,0.025000781766126412
A3,251,GLD,2025-10-30,2025-10-31,2,0.014104669744318121
A3,259,GLD,2026-05-12,2026-05-19,6,-0.05326123138517225
A3,261,GLD,2026-05-26,2026-06-08,10,-0.03999327731290758
A3,263,GLD,2026-06-17,2026-06-24,5,-0.0797474814920558
B1,10,QQQ,2010-07-13,2010-07-14,2,0.018100787522061124
B1,17,QQQ,2010-08-24,2010-09-03,9,0.03439758166273377
B1,19,QQQ,2011-03-14,2011-03-25,10,0.007615316693673657
B1,23,QQQ,2011-05-26,2011-06-29,24,-0.0064051701901530755
B1,33,QQQ,2011-10-04,2011-10-06,3,0.06433318864955795
B1,36,QQQ,2011-11-21,2011-12-01,8,0.02490968189008891
B1,38,QQQ,2011-12-15,2011-12-21,5,0.007335471796112714
B1,44,QQQ,2012-04-19,2012-04-27,7,0.009457963789081036
B1,46,QQQ,2012-05-07,2012-06-13,27,-0.03972156930273196
B1,49,QQQ,2012-10-12,2012-11-26,29,-0.022934883154491548
B1,54,QQQ,2013-02-27,2013-02-28,2,0.008112520136461354
B1,56,QQQ,2013-06-14,2013-07-05,15,0.0006814272983168834
B1,58,QQQ,2013-09-04,2013-09-05,2,0.012384989064144536
B1,62,QQQ,2014-03-27,2014-03-28,2,-0.003662459535628826
B1,71,QQQ,2014-08-08,2014-08-14,5,0.028762452702611574
B1,73,QQQ,2014-09-30,2014-10-03,4,-0.00486526016305644
B1,77,QQQ,2014-12-18,2014-12-19,2,0.028572933001090872
B1,79,QQQ,2015-01-05,2015-01-23,14,0.012823132920816382
B1,81,QQQ,2015-01-29,2015-02-02,3,0.010503324594759
B1,83,QQQ,2015-03-27,2015-04-09,9,0.021027486590051936
B1,85,QQQ,2015-06-18,2015-06-19,2,0.009557797675003421
B1,87,QQQ,2015-07-01,2015-07-14,9,0.029793796609993928
B1,89,QQQ,2015-08-20,2015-08-25,4,-0.10932562104921462
B1,96,QQQ,2015-12-23,2015-12-30,5,0.013329726112330187
B1,98,QQQ,2016-01-05,2016-01-08,4,-0.050137066203562064
B1,104,QQQ,2016-05-02,2016-05-23,16,0.005769668290986907
B1,108,QQQ,2016-06-28,2016-07-05,5,0.05087091766094787
B1,111,QQQ,2016-09-14,2016-09-16,3,0.01989653283808357
B1,113,QQQ,2016-11-02,2016-11-09,6,0.01326311984648787
B1,115,QQQ,2016-11-14,2016-11-18,5,0.013126143453482841
B1,119,QQQ,2017-04-18,2017-04-20,3,0.008442563847999907
B1,123,QQQ,2017-08-22,2017-08-29,6,0.013612554270520327
B1,127,QQQ,2018-03-27,2018-04-09,9,-0.04057202363416945
B1,132,QQQ,2018-07-06,2018-07-09,2,0.024693384701050425
B1,135,QQQ,2018-11-27,2018-11-28,2,0.03566816825089991
B1,137,QQQ,2018-12-11,2018-12-13,3,0.012448497364350386
B1,141,QQQ,2019-05-15,2019-06-10,18,0.014457111896361896
B1,143,QQQ,2019-08-07,2019-08-22,12,0.025973782329128614
B1,145,QQQ,2019-08-27,2019-08-30,4,0.01433833224446679
B1,148,QQQ,2019-10-07,2019-10-14,6,0.012075660408185973
B1,170,QQQ,2020-11-03,2020-11-05,3,0.09041426444287715
B1,178,QQQ,2021-02-26,2021-03-05,6,-0.013265997893643133
B1,182,QQQ,2021-05-11,2021-05-18,6,-0.010867176484345431
B1,189,QQQ,2022-01-11,2022-01-24,9,-0.07053221941361743
B1,210,QQQ,2023-03-06,2023-03-15,8,-0.0025026825589709034
B1,220,QQQ,2023-08-15,2023-08-30,12,0.017577722498756776
B1,223,QQQ,2023-09-27,2023-10-09,9,0.03486626189012476
B1,225,QQQ,2023-10-24,2023-11-03,9,0.033851647216456504
B1,232,QQQ,2024-04-18,2024-05-06,13,0.033838870162974155
B1,234,QQQ,2024-07-26,2024-08-14,14,0.00973228723924291
B1,240,QQQ,2025-01-10,2025-01-21,7,0.018495078102727103
B1,242,QQQ,2025-02-28,2025-03-17,12,-0.03498114641683603
B1,10,QLD,2010-07-13,2010-07-14,2,0.036462369177004295
B1,17,QLD,2010-08-24,2010-09-03,9,0.06926294960452806
B1,19,QLD,2011-03-14,2011-03-25,10,0.013448004051551887
B1,23,QLD,2011-05-26,2011-06-29,24,-0.016765771826065645
B1,33,QLD,2011-10-04,2011-10-06,3,0.13060362346410348
B1,36,QLD,2011-11-21,2011-12-01,8,0.04622409716568976
B1,38,QLD,2011-12-15,2011-12-21,5,0.011728448273287784
B1,44,QLD,2012-04-19,2012-04-27,7,0.018632664072881555
B1,46,QLD,2012-05-07,2012-06-13,27,-0.08217547760762833
B1,49,QLD,2012-10-12,2012-11-26,29,-0.04823254426558876
B1,54,QLD,2013-02-27,2013-02-28,2,0.01683000515906463
B1,56,QLD,2013-06-14,2013-07-05,15,-0.0005900814672759047
B1,58,QLD,2013-09-04,2013-09-05,2,0.026026835461566034
B1,62,QLD,2014-03-27,2014-03-28,2,-0.006983892567564154
B1,71,QLD,2014-08-08,2014-08-14,5,0.05783365878637481
B1,73,QLD,2014-09-30,2014-10-03,4,-0.010610870829046881
B1,77,QLD,2014-12-18,2014-12-19,2,0.05643355818327023
B1,79,QLD,2015-01-05,2015-01-23,14,0.02210445573237374
B1,81,QLD,2015-01-29,2015-02-02,3,0.020484932554027946
B1,83,QLD,2015-03-27,2015-04-09,9,0.04140702093694881
B1,85,QLD,2015-06-18,2015-06-19,2,0.018645868942244626
B1,87,QLD,2015-07-01,2015-07-14,9,0.057826400844823045
B1,89,QLD,2015-08-20,2015-08-25,4,-0.21031440805805712
B1,96,QLD,2015-12-23,2015-12-30,5,0.026185055571577243
B1,98,QLD,2016-01-05,2016-01-08,4,-0.10014612984119631
B1,104,QLD,2016-05-02,2016-05-23,16,0.009135435844054518
B1,108,QLD,2016-06-28,2016-07-05,5,0.10048086466720108
B1,111,QLD,2016-09-14,2016-09-16,3,0.039936269104961175
B1,113,QLD,2016-11-02,2016-11-09,6,0.025033111676667774
B1,115,QLD,2016-11-14,2016-11-18,5,0.02606580540786463
B1,119,QLD,2017-04-18,2017-04-20,3,0.016179388113157334
B1,123,QLD,2017-08-22,2017-08-29,6,0.025657969272979697
B1,127,QLD,2018-03-27,2018-04-09,9,-0.08464897790317616
B1,132,QLD,2018-07-06,2018-07-09,2,0.04929388583800964
B1,135,QLD,2018-11-27,2018-11-28,2,0.07050434400034011
B1,137,QLD,2018-12-11,2018-12-13,3,0.025040037000311877
B1,141,QLD,2019-05-15,2019-06-10,18,0.02220726170933407
B1,143,QLD,2019-08-07,2019-08-22,12,0.04826215280628143
B1,145,QLD,2019-08-27,2019-08-30,4,0.028451380192274334
B1,148,QLD,2019-10-07,2019-10-14,6,0.022856583816572407
B1,170,QLD,2020-11-03,2020-11-05,3,0.18521090395026207
B1,178,QLD,2021-02-26,2021-03-05,6,-0.02779247379370775
B1,182,QLD,2021-05-11,2021-05-18,6,-0.022706533023016506
B1,189,QLD,2022-01-11,2022-01-24,9,-0.1383933106125964
B1,210,QLD,2023-03-06,2023-03-15,8,-0.008743704229037585
B1,220,QLD,2023-08-15,2023-08-30,12,0.02998114944886998
B1,223,QLD,2023-09-27,2023-10-09,9,0.06755129572231544
B1,225,QLD,2023-10-24,2023-11-03,9,0.0645438782983665
B1,232,QLD,2024-04-18,2024-05-06,13,0.06328814189719778
B1,234,QLD,2024-07-26,2024-08-14,14,0.01092602164916956
B1,240,QLD,2025-01-10,2025-01-21,7,0.03344574839971326
B1,242,QLD,2025-02-28,2025-03-17,12,-0.07587635337516507
B1,10,TQQQ,2010-07-13,2010-07-14,2,0.05069910803224875
B1,17,TQQQ,2010-08-24,2010-09-03,9,0.10056122113447108
B1,19,TQQQ,2011-03-14,2011-03-25,10,0.019503425677998232
B1,23,TQQQ,2011-05-26,2011-06-29,24,-0.02916698234421289
B1,33,TQQQ,2011-10-04,2011-10-06,3,0.2001467851363059
B1,36,TQQQ,2011-11-21,2011-12-01,8,0.06449180259081477
B1,38,TQQQ,2011-12-15,2011-12-21,5,0.019268568647204498
B1,44,TQQQ,2012-04-19,2012-04-27,7,0.024445792587093118
B1,46,TQQQ,2012-05-07,2012-06-13,27,-0.12550494377776822
B1,49,TQQQ,2012-10-12,2012-11-26,29,-0.07833302708527112
B1,54,TQQQ,2013-02-27,2013-02-28,2,0.026551604898697345
B1,56,TQQQ,2013-06-14,2013-07-05,15,-0.0024136901112112863
B1,58,TQQQ,2013-09-04,2013-09-05,2,0.03714446461166476
B1,62,TQQQ,2014-03-27,2014-03-28,2,-0.011322546935430555
B1,71,TQQQ,2014-08-08,2014-08-14,5,0.08767451804741855
B1,73,TQQQ,2014-09-30,2014-10-03,4,-0.016010957809778792
B1,77,TQQQ,2014-12-18,2014-12-19,2,0.08530362525394697
B1,79,TQQQ,2015-01-05,2015-01-23,14,0.03155709452004807
B1,81,TQQQ,2015-01-29,2015-02-02,3,0.031707219604444115
B1,83,TQQQ,2015-03-27,2015-04-09,9,0.061018070067434094
B1,85,TQQQ,2015-06-18,2015-06-19,2,0.026369604102562283
B1,87,TQQQ,2015-07-01,2015-07-14,9,0.08489205751818707
B1,89,TQQQ,2015-08-20,2015-08-25,4,-0.30104890705887355
B1,96,TQQQ,2015-12-23,2015-12-30,5,0.03979296914019126
B1,98,TQQQ,2016-01-05,2016-01-08,4,-0.14787887526389576
B1,104,TQQQ,2016-05-02,2016-05-23,16,0.010906170703444351
B1,108,TQQQ,2016-06-28,2016-07-05,5,0.15359635067241606
B1,111,TQQQ,2016-09-14,2016-09-16,3,0.05863349933249418
B1,113,TQQQ,2016-11-02,2016-11-09,6,0.03612429012381213
B1,115,TQQQ,2016-11-14,2016-11-18,5,0.039422149539185325
B1,119,TQQQ,2017-04-18,2017-04-20,3,0.02481710476717347
B1,123,TQQQ,2017-08-22,2017-08-29,6,0.038866775580041146
B1,127,TQQQ,2018-03-27,2018-04-09,9,-0.12885684814954323
B1,132,TQQQ,2018-07-06,2018-07-09,2,0.07408029138369643
B1,135,TQQQ,2018-11-27,2018-11-28,2,0.10618098515345076
B1,137,TQQQ,2018-12-11,2018-12-13,3,0.036408175626426065
B1,141,TQQQ,2019-05-15,2019-06-10,18,0.02971328717688082
B1,143,TQQQ,2019-08-07,2019-08-22,12,0.06764057605939566
B1,145,TQQQ,2019-08-27,2019-08-30,4,0.04221227585397025
B1,148,TQQQ,2019-10-07,2019-10-14,6,0.03402819016442504
B1,170,TQQQ,2020-11-03,2020-11-05,3,0.28427929553554976
B1,178,TQQQ,2021-02-26,2021-03-05,6,-0.047098732951397215
B1,182,TQQQ,2021-05-11,2021-05-18,6,-0.03781240370137018
B1,189,TQQQ,2022-01-11,2022-01-24,9,-0.20484095332990637
B1,210,TQQQ,2023-03-06,2023-03-15,8,-0.014919275916677077
B1,220,TQQQ,2023-08-15,2023-08-30,12,0.041347150016035616
B1,223,TQQQ,2023-09-27,2023-10-09,9,0.0988693462036132
B1,225,TQQQ,2023-10-24,2023-11-03,9,0.0927594660842892
B1,232,TQQQ,2024-04-18,2024-05-06,13,0.09029983301162603
B1,234,TQQQ,2024-07-26,2024-08-14,14,0.006321971726826359
B1,240,TQQQ,2025-01-10,2025-01-21,7,0.04759535780469748
B1,242,TQQQ,2025-02-28,2025-03-17,12,-0.11934662884294922
B1,10,XLV,2010-07-13,2010-07-14,2,0.0075920236322233325
B1,17,XLV,2010-08-24,2010-09-03,9,0.01284734604092086
B1,19,XLV,2011-03-14,2011-03-25,10,0.0036343963942784274
B1,23,XLV,2011-05-26,2011-06-29,24,-0.0007418283062206044
B1,33,XLV,2011-10-04,2011-10-06,3,0.039388135316124284
B1,36,XLV,2011-11-21,2011-12-01,8,0.03287685242601124
B1,38,XLV,2011-12-15,2011-12-21,5,0.035469061466963936
B1,44,XLV,2012-04-19,2012-04-27,7,0.013502368399352482
B1,46,XLV,2012-05-07,2012-06-13,27,-0.010283891662167588
B1,49,XLV,2012-10-12,2012-11-26,29,-0.013128372441433833
B1,54,XLV,2013-02-27,2013-02-28,2,0.009995032665778059
B1,56,XLV,2013-06-14,2013-07-05,15,-0.0037373073270510204
B1,58,XLV,2013-09-04,2013-09-05,2,0.012919119114375155
B1,62,XLV,2014-03-27,2014-03-28,2,-0.006028494925172101
B1,71,XLV,2014-08-08,2014-08-14,5,0.03477076662143008
B1,73,XLV,2014-09-30,2014-10-03,4,0.002334068429919345
B1,77,XLV,2014-12-18,2014-12-19,2,0.029883616139196656
B1,79,XLV,2015-01-05,2015-01-23,14,0.03365828622486755
B1,81,XLV,2015-01-29,2015-02-02,3,-0.0017192798758727257
B1,83,XLV,2015-03-27,2015-04-09,9,0.0125478301978863
B1,85,XLV,2015-06-18,2015-06-19,2,0.013349262662658345
B1,87,XLV,2015-07-01,2015-07-14,9,0.030783430985949822
B1,89,XLV,2015-08-20,2015-08-25,4,-0.10248264226285775
B1,96,XLV,2015-12-23,2015-12-30,5,0.014941944051854339
B1,98,XLV,2016-01-05,2016-01-08,4,-0.03831488739244904
B1,104,XLV,2016-05-02,2016-05-23,16,-0.005444756781811
B1,108,XLV,2016-06-28,2016-07-05,5,0.05425597733471155
B1,111,XLV,2016-09-14,2016-09-16,3,0.011021959517976798
B1,113,XLV,2016-11-02,2016-11-09,6,0.05641756252490526
B1,115,XLV,2016-11-14,2016-11-18,5,-0.01120753320191159
B1,119,XLV,2017-04-18,2017-04-20,3,-0.0017506549275290162
B1,123,XLV,2017-08-22,2017-08-29,6,0.014932560819225671
B1,127,XLV,2018-03-27,2018-04-09,9,-0.007993182076305616
B1,132,XLV,2018-07-06,2018-07-09,2,0.02181857045046609
B1,135,XLV,2018-11-27,2018-11-28,2,0.03469250763553022
B1,137,XLV,2018-12-11,2018-12-13,3,0.01264948925900855
B1,141,XLV,2019-05-15,2019-06-10,18,0.041058421407486057
B1,143,XLV,2019-08-07,2019-08-22,12,0.008883037757568157
B1,145,XLV,2019-08-27,2019-08-30,4,0.010145774575055277
B1,148,XLV,2019-10-07,2019-10-14,6,-0.0025516282103330568
B1,170,XLV,2020-11-03,2020-11-05,3,0.06174482175328988
B1,178,XLV,2021-02-26,2021-03-05,6,-0.005018331087759509
B1,182,XLV,2021-05-11,2021-05-18,6,-0.0078081752176182295
B1,189,XLV,2022-01-11,2022-01-24,9,-0.049288924082782404
B1,210,XLV,2023-03-06,2023-03-15,8,-0.022064127701950542
B1,220,XLV,2023-08-15,2023-08-30,12,-0.009259133706739253
B1,223,XLV,2023-09-27,2023-10-09,9,0.0054721300936366735
B1,225,XLV,2023-10-24,2023-11-03,9,0.0011786986661947996
B1,232,XLV,2024-04-18,2024-05-06,13,0.021380811542024425
B1,234,XLV,2024-07-26,2024-08-14,14,0.01770382170494611
B1,240,XLV,2025-01-10,2025-01-21,7,0.014740341499539289
B1,242,XLV,2025-02-28,2025-03-17,12,-0.0030566437485748388
B1,10,GLD,2010-07-13,2010-07-14,2,0.008181410804741773
B1,17,GLD,2010-08-24,2010-09-03,9,0.01736518494116246
B1,19,GLD,2011-03-14,2011-03-25,10,0.00752418808383748
B1,23,GLD,2011-05-26,2011-06-29,24,-0.009422594817742436
B1,33,GLD,2011-10-04,2011-10-06,3,-0.002919987581378569
B1,36,GLD,2011-11-21,2011-12-01,8,0.01199146774953519
B1,38,GLD,2011-12-15,2011-12-21,5,0.027928604156630232
B1,44,GLD,2012-04-19,2012-04-27,7,0.012993580791798243
B1,46,GLD,2012-05-07,2012-06-13,27,-0.014736352201209613
B1,49,GLD,2012-10-12,2012-11-26,29,-0.01103207195678424
B1,54,GLD,2013-02-27,2013-02-28,2,-0.02061196514877761
B1,56,GLD,2013-06-14,2013-07-05,15,-0.11701815846024766
B1,58,GLD,2013-09-04,2013-09-05,2,-0.030933890025984234
B1,62,GLD,2014-03-27,2014-03-28,2,-0.00677781738852179
B1,71,GLD,2014-08-08,2014-08-14,5,0.0010302524417775683
B1,73,GLD,2014-09-30,2014-10-03,4,-0.020678443084572673
B1,77,GLD,2014-12-18,2014-12-19,2,0.004375601773769278
B1,79,GLD,2015-01-05,2015-01-23,14,0.08897266271883875
B1,81,GLD,2015-01-29,2015-02-02,3,-0.008102414639733824
B1,83,GLD,2015-03-27,2015-04-09,9,-0.007014246314876127
B1,85,GLD,2015-06-18,2015-06-19,2,0.011155066222944265
B1,87,GLD,2015-07-01,2015-07-14,9,-0.014505694072897035
B1,89,GLD,2015-08-20,2015-08-25,4,0.005619535635210671
B1,96,GLD,2015-12-23,2015-12-30,5,-0.011597333927763409
B1,98,GLD,2016-01-05,2016-01-08,4,0.02711634689549869
B1,104,GLD,2016-05-02,2016-05-23,16,-0.034613819057665585
B1,108,GLD,2016-06-28,2016-07-05,5,0.02202400464798049
B1,111,GLD,2016-09-14,2016-09-16,3,-0.005487096949552739
B1,113,GLD,2016-11-02,2016-11-09,6,-0.009533168470118536
B1,115,GLD,2016-11-14,2016-11-18,5,-0.016652407973114736
B1,119,GLD,2017-04-18,2017-04-20,3,-0.0022905659701409897
B1,123,GLD,2017-08-22,2017-08-29,6,0.013522287421213086
B1,127,GLD,2018-03-27,2018-04-09,9,-0.011381346261037706
B1,132,GLD,2018-07-06,2018-07-09,2,0.000839970361677711
B1,135,GLD,2018-11-27,2018-11-28,2,-0.0022483754548838775
B1,137,GLD,2018-12-11,2018-12-13,3,-0.001274656062966728
B1,141,GLD,2019-05-15,2019-06-10,18,0.023436246676780792
B1,143,GLD,2019-08-07,2019-08-22,12,0.01792520458376634
B1,145,GLD,2019-08-27,2019-08-30,4,-0.003051546112464054
B1,148,GLD,2019-10-07,2019-10-14,6,-0.009231836609869148
B1,170,GLD,2020-11-03,2020-11-05,3,0.028216451634760054
B1,178,GLD,2021-02-26,2021-03-05,6,-0.040284692072828254
B1,182,GLD,2021-05-11,2021-05-18,6,0.017023953665624703
B1,189,GLD,2022-01-11,2022-01-24,9,0.022405826670270912
B1,210,GLD,2023-03-06,2023-03-15,8,0.03316134870741694
B1,220,GLD,2023-08-15,2023-08-30,12,0.018411893203297724
B1,223,GLD,2023-09-27,2023-10-09,9,-0.019627816422951305
B1,225,GLD,2023-10-24,2023-11-03,9,0.009946942412894622
B1,232,GLD,2024-04-18,2024-05-06,13,-0.019991800459313147
B1,234,GLD,2024-07-26,2024-08-14,14,0.03604632918602446
B1,240,GLD,2025-01-10,2025-01-21,7,0.029569691102306228
B1,242,GLD,2025-02-28,2025-03-17,12,0.04454013753356967
B2,1,QQQ,2010-02-12,2010-03-15,21,0.08174961371709388
B2,7,QQQ,2010-05-10,2010-05-13,4,0.0537323490121524
B2,9,QQQ,2010-06-03,2010-07-12,27,-0.02869254311849745
B2,11,QQQ,2010-07-15,2010-07-29,11,0.003292121433903672
B2,13,QQQ,2010-08-04,2010-08-06,3,0.006240874581692424
B2,15,QQQ,2010-08-11,2010-08-18,6,-0.02399822507078153
B2,21,QQQ,2011-04-19,2011-04-20,2,0.028978044124419844
B2,24,QQQ,2011-06-30,2011-07-05,3,0.03374781167962082
B2,26,QQQ,2011-07-29,2011-08-19,16,-0.14023032244739586
B2,28,QQQ,2011-08-30,2011-09-08,7,-0.004028741479000786
B2,30,QQQ,2011-09-26,2011-09-27,2,0.022160633992256873
B2,32,QQQ,2011-09-30,2011-10-03,2,-0.05085425482720296
B2,34,QQQ,2011-10-07,2011-10-28,16,0.08285906222878725
B2,47,QQQ,2012-06-14,2012-08-06,37,0.06634305891490389
B2,50,QQQ,2012-11-27,2012-12-07,9,-0.003835308197769227
B2,52,QQQ,2012-12-27,2013-01-14,12,0.03813932675877685
B2,63,QQQ,2014-03-31,2014-04-01,2,0.02481312625120302
B2,65,QQQ,2014-04-09,2014-04-28,13,0.0015058088198260933
B2,67,QQQ,2014-05-02,2014-05-13,8,0.007301807102860769
B2,69,QQQ,2014-05-16,2014-05-27,7,0.04429676622847167
B2,75,QQQ,2014-10-14,2014-10-24,9,0.060886482957579924
B2,91,QQQ,2015-08-28,2015-10-07,28,0.002337692706455119
B2,93,QQQ,2015-10-15,2015-10-16,2,0.020674025455626577
B2,99,QQQ,2016-01-11,2016-02-26,33,-0.005576388322351522
B2,101,QQQ,2016-03-02,2016-03-03,2,-0.0015123849788049037
B2,106,QQQ,2016-06-21,2016-06-23,3,0.015024416832767118
B2,109,QQQ,2016-07-06,2016-07-11,4,0.032675373249350104
B2,117,QQQ,2016-12-05,2016-12-08,4,0.024805914018514397
B2,128,QQQ,2018-04-10,2018-04-18,7,0.055221180656397806
B2,130,QQQ,2018-04-23,2018-05-07,11,0.024275852551667088
B2,134,QQQ,2018-10-12,2018-11-26,31,-0.039563582317251766
B2,136,QQQ,2018-11-29,2018-12-10,7,-0.0333725030047024
B2,138,QQQ,2018-12-14,2019-01-24,27,-0.008680194560302446
B2,147,QQQ,2019-10-03,2019-10-04,2,0.025862376995938297
B2,149,QQQ,2019-10-15,2019-10-16,2,0.010204504060404185
B2,151,QQQ,2019-10-22,2019-10-24,3,0.003619649256997315
B2,158,QQQ,2020-03-30,2020-04-02,4,0.0038314849955625174
B2,160,QQQ,2020-04-08,2020-04-14,4,0.07871649373282597
B2,162,QQQ,2020-04-20,2020-04-21,2,-0.04830710673398697
B2,164,QQQ,2020-04-28,2020-05-21,18,0.061746020693049575
B2,183,QQQ,2021-05-19,2021-05-21,3,0.0148658891678215
B2,185,QQQ,2021-10-06,2021-10-07,2,0.015641555222211556
B2,187,QQQ,2021-10-12,2021-10-19,6,0.04765747324995773
B2,191,QQQ,2022-02-01,2022-03-23,36,-0.029706697847525
B2,193,QQQ,2022-04-12,2022-04-27,11,-0.07078529814042478
B2,195,QQQ,2022-06-14,2022-06-16,3,-0.014596236618713232
B2,197,QQQ,2022-06-22,2022-07-18,18,0.029600199548656336
B2,200,QQQ,2022-09-01,2022-09-12,7,0.03832660098125795
B2,202,QQQ,2022-09-26,2022-11-11,35,0.04518898196363197
B2,204,QQQ,2022-11-23,2022-11-25,2,0.0033919731017582055
B2,206,QQQ,2022-12-08,2023-01-12,24,-0.002894461321630959
B2,222,QQQ,2023-09-25,2023-09-26,2,-0.01033784196444465
B2,224,QQQ,2023-10-10,2023-10-23,10,-0.029708529472367795
B2,226,QQQ,2023-11-06,2023-11-08,3,0.014223126664490104
B2,236,QQQ,2024-09-09,2024-09-20,10,0.07521888363111051
B2,238,QQQ,2024-10-03,2024-10-10,6,0.022076921410729478
B2,243,QQQ,2025-03-18,2025-04-07,15,-0.12106832635939313
B2,245,QQQ,2025-04-11,2025-05-07,18,0.08319519197194158
B2,247,QQQ,2025-05-14,2025-05-28,10,0.006438934793385309
B2,253,QQQ,2026-02-05,2026-02-10,4,0.00944286910674097
B2,255,QQQ,2026-02-13,2026-02-20,5,0.0136020601150737
B2,257,QQQ,2026-03-02,2026-04-15,32,0.05090435093242762
B2,1,QLD,2010-02-12,2010-03-15,21,0.1700153437106655
B2,7,QLD,2010-05-10,2010-05-13,4,0.10393715085427502
B2,9,QLD,2010-06-03,2010-07-12,27,-0.06828143432369838
B2,11,QLD,2010-07-15,2010-07-29,11,0.004004699765141062
B2,13,QLD,2010-08-04,2010-08-06,3,0.012082835723552954
B2,15,QLD,2010-08-11,2010-08-18,6,-0.05055726423098006
B2,21,QLD,2011-04-19,2011-04-20,2,0.05775836712397853
B2,24,QLD,2011-06-30,2011-07-05,3,0.06716126803073741
B2,26,QLD,2011-07-29,2011-08-19,16,-0.27310337808987173
B2,28,QLD,2011-08-30,2011-09-08,7,-0.010984755537604363
B2,30,QLD,2011-09-26,2011-09-27,2,0.04427825400744978
B2,32,QLD,2011-09-30,2011-10-03,2,-0.10102711251355057
B2,34,QLD,2011-10-07,2011-10-28,16,0.167711781138157
B2,47,QLD,2012-06-14,2012-08-06,37,0.12933606438989065
B2,50,QLD,2012-11-27,2012-12-07,9,-0.009696023097781947
B2,52,QLD,2012-12-27,2013-01-14,12,0.07454088237611378
B2,63,QLD,2014-03-31,2014-04-01,2,0.049026577035437446
B2,65,QLD,2014-04-09,2014-04-28,13,0.001142307762223016
B2,67,QLD,2014-05-02,2014-05-13,8,0.012727320303716816
B2,69,QLD,2014-05-16,2014-05-27,7,0.09016448260970877
B2,75,QLD,2014-10-14,2014-10-24,9,0.12208265889882286
B2,91,QLD,2015-08-28,2015-10-07,28,-0.002277539254692318
B2,93,QLD,2015-10-15,2015-10-16,2,0.04184998729343836
B2,99,QLD,2016-01-11,2016-02-26,33,-0.022347492486518017
B2,101,QLD,2016-03-02,2016-03-03,2,-0.0024633760307276598
B2,106,QLD,2016-06-21,2016-06-23,3,0.029755921351403147
B2,109,QLD,2016-07-06,2016-07-11,4,0.06664793685030945
B2,117,QLD,2016-12-05,2016-12-08,4,0.049761785540190395
B2,128,QLD,2018-04-10,2018-04-18,7,0.11203170915055005
B2,130,QLD,2018-04-23,2018-05-07,11,0.0446841390801056
B2,134,QLD,2018-10-12,2018-11-26,31,-0.09369406627222598
B2,136,QLD,2018-11-29,2018-12-10,7,-0.06906748303399124
B2,138,QLD,2018-12-14,2019-01-24,27,-0.03462535868050609
B2,147,QLD,2019-10-03,2019-10-04,2,0.05246550065635924
B2,149,QLD,2019-10-15,2019-10-16,2,0.01951443265496855
B2,151,QLD,2019-10-22,2019-10-24,3,0.006325592166885663
B2,158,QLD,2020-03-30,2020-04-02,4,0.006960108221372829
B2,160,QLD,2020-04-08,2020-04-14,4,0.16267993827475902
B2,162,QLD,2020-04-20,2020-04-21,2,-0.09580567952989694
B2,164,QLD,2020-04-28,2020-05-21,18,0.12260231425399004
B2,183,QLD,2021-05-19,2021-05-21,3,0.02937941702058322
B2,185,QLD,2021-10-06,2021-10-07,2,0.031137899162391625
B2,187,QLD,2021-10-12,2021-10-19,6,0.09623047564693787
B2,191,QLD,2022-02-01,2022-03-23,36,-0.0773300096010705
B2,193,QLD,2022-04-12,2022-04-27,11,-0.1410821004680708
B2,195,QLD,2022-06-14,2022-06-16,3,-0.030635217181939844
B2,197,QLD,2022-06-22,2022-07-18,18,0.05211552824014287
B2,200,QLD,2022-09-01,2022-09-12,7,0.07483292188473478
B2,202,QLD,2022-09-26,2022-11-11,35,0.06345973013585104
B2,204,QLD,2022-11-23,2022-11-25,2,0.005870837604764034
B2,206,QLD,2022-12-08,2023-01-12,24,-0.018597509446003135
B2,222,QLD,2023-09-25,2023-09-26,2,-0.021746604595472063
B2,224,QLD,2023-10-10,2023-10-23,10,-0.062146892305155355
B2,226,QLD,2023-11-06,2023-11-08,3,0.02813273651340653
B2,236,QLD,2024-09-09,2024-09-20,10,0.15074885995304554
B2,238,QLD,2024-10-03,2024-10-10,6,0.04267671939634976
B2,243,QLD,2025-03-18,2025-04-07,15,-0.2367942373674914
B2,245,QLD,2025-04-11,2025-05-07,18,0.16266064873043784
B2,247,QLD,2025-05-14,2025-05-28,10,0.010029988975812865
B2,253,QLD,2026-02-05,2026-02-10,4,0.017652181658818655
B2,255,QLD,2026-02-13,2026-02-20,5,0.025640937563190525
B2,257,QLD,2026-03-02,2026-04-15,32,0.09023956911769093
B2,1,TQQQ,2010-02-12,2010-03-15,21,0.26104578355485186
B2,7,TQQQ,2010-05-10,2010-05-13,4,0.15555854115115308
B2,9,TQQQ,2010-06-03,2010-07-12,27,-0.1071114141991969
B2,11,TQQQ,2010-07-15,2010-07-29,11,0.00506237846740154
B2,13,TQQQ,2010-08-04,2010-08-06,3,0.018013083310422173
B2,15,TQQQ,2010-08-11,2010-08-18,6,-0.07937158369657027
B2,21,TQQQ,2011-04-19,2011-04-20,2,0.08577487243960547
B2,24,TQQQ,2011-06-30,2011-07-05,3,0.10174142709575884
B2,26,TQQQ,2011-07-29,2011-08-19,16,-0.39603426455407
B2,28,TQQQ,2011-08-30,2011-09-08,7,-0.016339563911677235
B2,30,TQQQ,2011-09-26,2011-09-27,2,0.06554233111613272
B2,32,TQQQ,2011-09-30,2011-10-03,2,-0.1500226617785121
B2,34,TQQQ,2011-10-07,2011-10-28,16,0.25122085350162515
B2,47,TQQQ,2012-06-14,2012-08-06,37,0.190111785869008
B2,50,TQQQ,2012-11-27,2012-12-07,9,-0.01306086288176811
B2,52,TQQQ,2012-12-27,2013-01-14,12,0.11245695433308067
B2,63,TQQQ,2014-03-31,2014-04-01,2,0.07518679051227495
B2,65,TQQQ,2014-04-09,2014-04-28,13,-0.0023925514592979535
B2,67,TQQQ,2014-05-02,2014-05-13,8,0.018768687668542006
B2,69,TQQQ,2014-05-16,2014-05-27,7,0.13635598595909548
B2,75,TQQQ,2014-10-14,2014-10-24,9,0.18797202039016137
B2,91,TQQQ,2015-08-28,2015-10-07,28,-0.012772308630680351
B2,93,TQQQ,2015-10-15,2015-10-16,2,0.06189546689835734
B2,99,TQQQ,2016-01-11,2016-02-26,33,-0.048583076718163754
B2,101,TQQQ,2016-03-02,2016-03-03,2,-0.004528278825876919
B2,106,TQQQ,2016-06-21,2016-06-23,3,0.0457377778628425
B2,109,TQQQ,2016-07-06,2016-07-11,4,0.09946847584257412
B2,117,TQQQ,2016-12-05,2016-12-08,4,0.07529553066249517
B2,128,TQQQ,2018-04-10,2018-04-18,7,0.17032848044005977
B2,130,TQQQ,2018-04-23,2018-05-07,11,0.06589373755773353
B2,134,TQQQ,2018-10-12,2018-11-26,31,-0.15342913428828397
B2,136,TQQQ,2018-11-29,2018-12-10,7,-0.10656561383105445
B2,138,TQQQ,2018-12-14,2019-01-24,27,-0.0672757689777631
B2,147,TQQQ,2019-10-03,2019-10-04,2,0.07641086054629498
B2,149,TQQQ,2019-10-15,2019-10-16,2,0.030231173740689732
B2,151,TQQQ,2019-10-22,2019-10-24,3,0.009591962508419982
B2,158,TQQQ,2020-03-30,2020-04-02,4,-0.0031573421159660775
B2,160,TQQQ,2020-04-08,2020-04-14,4,0.24824211392612305
B2,162,TQQQ,2020-04-20,2020-04-21,2,-0.13936752398757857
B2,164,TQQQ,2020-04-28,2020-05-21,18,0.18291409913426904
B2,183,TQQQ,2021-05-19,2021-05-21,3,0.044170307467138015
B2,185,TQQQ,2021-10-06,2021-10-07,2,0.0473224995013124
B2,187,TQQQ,2021-10-12,2021-10-19,6,0.14600892070560967
B2,191,TQQQ,2022-02-01,2022-03-23,36,-0.13391551747646624
B2,193,TQQQ,2022-04-12,2022-04-27,11,-0.2101327732091285
B2,195,TQQQ,2022-06-14,2022-06-16,3,-0.05285978652600054
B2,197,TQQQ,2022-06-22,2022-07-18,18,0.07342092272210765
B2,200,TQQQ,2022-09-01,2022-09-12,7,0.11218980898605246
B2,202,TQQQ,2022-09-26,2022-11-11,35,0.06381982314021184
B2,204,TQQQ,2022-11-23,2022-11-25,2,0.008609121072113535
B2,206,TQQQ,2022-12-08,2023-01-12,24,-0.036835270907679685
B2,222,TQQQ,2023-09-25,2023-09-26,2,-0.03199584334524597
B2,224,TQQQ,2023-10-10,2023-10-23,10,-0.09261204243796761
B2,226,TQQQ,2023-11-06,2023-11-08,3,0.04177756399810795
B2,236,TQQQ,2024-09-09,2024-09-20,10,0.2305665843367226
B2,238,TQQQ,2024-10-03,2024-10-10,6,0.06357614376929877
B2,243,TQQQ,2025-03-18,2025-04-07,15,-0.34424319738404674
B2,245,TQQQ,2025-04-11,2025-05-07,18,0.24403980589054153
B2,247,TQQQ,2025-05-14,2025-05-28,10,0.01287254179992603
B2,253,TQQQ,2026-02-05,2026-02-10,4,0.025321565619458974
B2,255,TQQQ,2026-02-13,2026-02-20,5,0.037298035666996965
B2,257,TQQQ,2026-03-02,2026-04-15,32,0.12564634672714758
B2,1,XLV,2010-02-12,2010-03-15,21,0.03587588966105715
B2,7,XLV,2010-05-10,2010-05-13,4,0.022207448283476428
B2,9,XLV,2010-06-03,2010-07-12,27,-0.0014644558467337143
B2,11,XLV,2010-07-15,2010-07-29,11,-0.025342622144143845
B2,13,XLV,2010-08-04,2010-08-06,3,0.012265463089772943
B2,15,XLV,2010-08-11,2010-08-18,6,-0.018418935061670583
B2,21,XLV,2011-04-19,2011-04-20,2,0.018187530760941373
B2,24,XLV,2011-06-30,2011-07-05,3,0.012422651237029347
B2,26,XLV,2011-07-29,2011-08-19,16,-0.09533489739445133
B2,28,XLV,2011-08-30,2011-09-08,7,-0.003327619494254863
B2,30,XLV,2011-09-26,2011-09-27,2,0.032083936067133
B2,32,XLV,2011-09-30,2011-10-03,2,-0.044181577546781425
B2,34,XLV,2011-10-07,2011-10-28,16,0.07140581176415095
B2,47,XLV,2012-06-14,2012-08-06,37,0.05844974670171199
B2,50,XLV,2012-11-27,2012-12-07,9,0.016063869472598524
B2,52,XLV,2012-12-27,2013-01-14,12,0.047606744489409714
B2,63,XLV,2014-03-31,2014-04-01,2,0.01992699839413281
B2,65,XLV,2014-04-09,2014-04-28,13,0.013518131052467908
B2,67,XLV,2014-05-02,2014-05-13,8,0.004291782323155635
B2,69,XLV,2014-05-16,2014-05-27,7,0.023813764326029663
B2,75,XLV,2014-10-14,2014-10-24,9,0.06066991536862543
B2,91,XLV,2015-08-28,2015-10-07,28,-0.0558614724128097
B2,93,XLV,2015-10-15,2015-10-16,2,0.03149501577736635
B2,99,XLV,2016-01-11,2016-02-26,33,-0.010585110551286747
B2,101,XLV,2016-03-02,2016-03-03,2,-0.001182697750563455
B2,106,XLV,2016-06-21,2016-06-23,3,0.012482522166096022
B2,109,XLV,2016-07-06,2016-07-11,4,0.019420428697017877
B2,117,XLV,2016-12-05,2016-12-08,4,-0.005701421030974596
B2,128,XLV,2018-04-10,2018-04-18,7,0.03173397575214354
B2,130,XLV,2018-04-23,2018-05-07,11,-0.014740196891025237
B2,134,XLV,2018-10-12,2018-11-26,31,0.009142361756386608
B2,136,XLV,2018-11-29,2018-12-10,7,-0.029257839331922608
B2,138,XLV,2018-12-14,2019-01-24,27,-0.030924082441883716
B2,147,XLV,2019-10-03,2019-10-04,2,0.02478664872622538
B2,149,XLV,2019-10-15,2019-10-16,2,0.01690796206174494
B2,151,XLV,2019-10-22,2019-10-24,3,0.0032732082779300953
B2,158,XLV,2020-03-30,2020-04-02,4,0.03035637274251468
B2,160,XLV,2020-04-08,2020-04-14,4,0.07220122177281874
B2,162,XLV,2020-04-20,2020-04-21,2,-0.03810295420654597
B2,164,XLV,2020-04-28,2020-05-21,18,-0.021362339091363536
B2,183,XLV,2021-05-19,2021-05-21,3,0.008924296238496776
B2,185,XLV,2021-10-06,2021-10-07,2,0.011415878166494808
B2,187,XLV,2021-10-12,2021-10-19,6,0.022389808466255934
B2,191,XLV,2022-02-01,2022-03-23,36,0.02459902653025825
B2,193,XLV,2022-04-12,2022-04-27,11,-0.05771834649804597
B2,195,XLV,2022-06-14,2022-06-16,3,-0.01421654114355475
B2,197,XLV,2022-06-22,2022-07-18,18,0.039559451726564276
B2,200,XLV,2022-09-01,2022-09-12,7,0.052981675686562424
B2,202,XLV,2022-09-26,2022-11-11,35,0.08473897580550016
B2,204,XLV,2022-11-23,2022-11-25,2,0.009940691429437987
B2,206,XLV,2022-12-08,2023-01-12,24,-0.02248401661591959
B2,222,XLV,2023-09-25,2023-09-26,2,-0.0030732789987525377
B2,224,XLV,2023-10-10,2023-10-23,10,-0.024528602095853058
B2,226,XLV,2023-11-06,2023-11-08,3,0.005965004628912807
B2,236,XLV,2024-09-09,2024-09-20,10,0.008639164870473337
B2,238,XLV,2024-10-03,2024-10-10,6,-0.00085011477526864
B2,243,XLV,2025-03-18,2025-04-07,15,-0.08025969799705002
B2,245,XLV,2025-04-11,2025-05-07,18,0.003484397520145066
B2,247,XLV,2025-05-14,2025-05-28,10,-0.0029573472453258143
B2,253,XLV,2026-02-05,2026-02-10,4,-0.004486338990760452
B2,255,XLV,2026-02-13,2026-02-20,5,0.005256459175705164
B2,257,XLV,2026-03-02,2026-04-15,32,-0.07379855836321547
B2,1,GLD,2010-02-12,2010-03-15,21,0.011481409394830555
B2,7,GLD,2010-05-10,2010-05-13,4,0.01936248398178697
B2,9,GLD,2010-06-03,2010-07-12,27,-0.020370700169251355
B2,11,GLD,2010-07-15,2010-07-29,11,-0.03389688954171899
B2,13,GLD,2010-08-04,2010-08-06,3,0.01594963797045601
B2,15,GLD,2010-08-11,2010-08-18,6,0.021150070438886726
B2,21,GLD,2011-04-19,2011-04-20,2,0.0039060327062796496
B2,24,GLD,2011-06-30,2011-07-05,3,0.0030575637275820355
B2,26,GLD,2011-07-29,2011-08-19,16,0.14384686352947784
B2,28,GLD,2011-08-30,2011-09-08,7,0.04554602447952383
B2,30,GLD,2011-09-26,2011-09-27,2,0.0051940038498363705
B2,32,GLD,2011-09-30,2011-10-03,2,0.02067222465891949
B2,34,GLD,2011-10-07,2011-10-28,16,0.056888213044596014
B2,47,GLD,2012-06-14,2012-08-06,37,-0.005218890598984838
B2,50,GLD,2012-11-27,2012-12-07,9,-0.02520208462643847
B2,52,GLD,2012-12-27,2013-01-14,12,0.004726921959236963
B2,63,GLD,2014-03-31,2014-04-01,2,-0.009393049067738968
B2,65,GLD,2014-04-09,2014-04-28,13,-0.009596313106633114
B2,67,GLD,2014-05-02,2014-05-13,8,0.00646199840583872
B2,69,GLD,2014-05-16,2014-05-27,7,-0.02340304758762357
B2,75,GLD,2014-10-14,2014-10-24,9,-0.0014343416618318727
B2,91,GLD,2015-08-28,2015-10-07,28,0.018286396824676032
B2,93,GLD,2015-10-15,2015-10-16,2,-0.011598275398825408
B2,99,GLD,2016-01-11,2016-02-26,33,0.1081567020455052
B2,101,GLD,2016-03-02,2016-03-03,2,0.025133792971381963
B2,106,GLD,2016-06-21,2016-06-23,3,-0.025160283233146896
B2,109,GLD,2016-07-06,2016-07-11,4,-0.0013903447352521248
B2,117,GLD,2016-12-05,2016-12-08,4,-0.0050829293555072486
B2,128,GLD,2018-04-10,2018-04-18,7,0.00812173775252667
B2,130,GLD,2018-04-23,2018-05-07,11,-0.016267848087141212
B2,134,GLD,2018-10-12,2018-11-26,31,-0.001209184583904399
B2,136,GLD,2018-11-29,2018-12-10,7,0.019934157622712778
B2,138,GLD,2018-12-14,2019-01-24,27,0.030290118229975516
B2,147,GLD,2019-10-03,2019-10-04,2,0.004530648552570016
B2,149,GLD,2019-10-15,2019-10-16,2,-0.0012802665941369362
B2,151,GLD,2019-10-22,2019-10-24,3,0.012447282185660269
B2,158,GLD,2020-03-30,2020-04-02,4,-0.002298890663484876
B2,160,GLD,2020-04-08,2020-04-14,4,0.04255318940877295
B2,162,GLD,2020-04-20,2020-04-21,2,0.00025221217308168953
B2,164,GLD,2020-04-28,2020-05-21,18,0.004270874299536986
B2,183,GLD,2021-05-19,2021-05-21,3,0.005712980109438881
B2,185,GLD,2021-10-06,2021-10-07,2,-0.002612507961288757
B2,187,GLD,2021-10-12,2021-10-19,6,0.009333814033599452
B2,191,GLD,2022-02-01,2022-03-23,36,0.08162294913210344
B2,193,GLD,2022-04-12,2022-04-27,11,-0.03503865526531558
B2,195,GLD,2022-06-14,2022-06-16,3,0.016242040161156046
B2,197,GLD,2022-06-22,2022-07-18,18,-0.06722147859387717
B2,200,GLD,2022-09-01,2022-09-12,7,0.00853896260356124
B2,202,GLD,2022-09-26,2022-11-11,35,0.07548528505594887
B2,204,GLD,2022-11-23,2022-11-25,2,0.007095661408738296
B2,206,GLD,2022-12-08,2023-01-12,24,0.06198519476399622
B2,222,GLD,2023-09-25,2023-09-26,2,-0.013100416537104032
B2,224,GLD,2023-10-10,2023-10-23,10,0.05873159047749876
B2,226,GLD,2023-11-06,2023-11-08,3,-0.021754365278033427
B2,236,GLD,2024-09-09,2024-09-20,10,0.050210300420098
B2,238,GLD,2024-10-03,2024-10-10,6,-0.011560678562053783
B2,243,GLD,2025-03-18,2025-04-07,15,-0.0109132346017905
B2,245,GLD,2025-04-11,2025-05-07,18,0.06293823674479215
B2,247,GLD,2025-05-14,2025-05-28,10,0.014526167860951622
B2,253,GLD,2026-02-05,2026-02-10,4,0.01856949281475284
B2,255,GLD,2026-02-13,2026-02-20,5,0.03817093845589259
B2,257,GLD,2026-03-02,2026-04-15,32,-0.08948838975694418
B3,27,QQQ,2011-08-22,2011-08-29,6,0.09154550088219371
B3,90,QQQ,2015-08-26,2015-08-27,2,0.07697035335763491
B3,157,QQQ,2020-03-11,2020-03-27,13,-0.09022125188551944
B3,159,QQQ,2020-04-03,2020-04-07,3,0.05585727030894394
B3,190,QQQ,2022-01-25,2022-01-31,5,0.027596955171463433
B3,194,QQQ,2022-04-28,2022-06-13,32,-0.13054065474584342
B3,196,QQQ,2022-06-17,2022-06-21,2,0.03769575093872235
B3,244,QQQ,2025-04-08,2025-04-10,3,0.05308117007304114
B3,27,QLD,2011-08-22,2011-08-29,6,0.1874055019907508
B3,90,QLD,2015-08-26,2015-08-27,2,0.15545276221130044
B3,157,QLD,2020-03-11,2020-03-27,13,-0.22327937701221523
B3,159,QLD,2020-04-03,2020-04-07,3,0.10684163480960773
B3,190,QLD,2022-01-25,2022-01-31,5,0.05239844015369077
B3,194,QLD,2022-04-28,2022-06-13,32,-0.26478671532800224
B3,196,QLD,2022-06-17,2022-06-21,2,0.07476893517919891
B3,244,QLD,2025-04-08,2025-04-10,3,0.0917799993032653
B3,27,TQQQ,2011-08-22,2011-08-29,6,0.2854708142456377
B3,90,TQQQ,2015-08-26,2015-08-27,2,0.23374162568241452
B3,157,TQQQ,2020-03-11,2020-03-27,13,-0.37337487071662
B3,159,TQQQ,2020-04-03,2020-04-07,3,0.1583712005497837
B3,190,TQQQ,2022-01-25,2022-01-31,5,0.07549118962148293
B3,194,TQQQ,2022-04-28,2022-06-13,32,-0.3932703142751671
B3,196,TQQQ,2022-06-17,2022-06-21,2,0.11527905812412254
B3,244,TQQQ,2025-04-08,2025-04-10,3,0.11854558460840714
B3,27,XLV,2011-08-22,2011-08-29,6,0.06542069086962021
B3,90,XLV,2015-08-26,2015-08-27,2,0.06253643814830068
B3,157,XLV,2020-03-11,2020-03-27,13,-0.10348011503338528
B3,159,XLV,2020-04-03,2020-04-07,3,0.03437274985178451
B3,190,XLV,2022-01-25,2022-01-31,5,0.016971390377428452
B3,194,XLV,2022-04-28,2022-06-13,32,-0.07747711324394035
B3,196,XLV,2022-06-17,2022-06-21,2,0.02632194445853031
B3,244,XLV,2025-04-08,2025-04-10,3,0.0031231304806609295
B3,27,GLD,2011-08-22,2011-08-29,6,-0.03367600812094895
B3,90,GLD,2015-08-26,2015-08-27,2,-0.013100038999651953
B3,157,GLD,2020-03-11,2020-03-27,13,-0.014435498376580536
B3,159,GLD,2020-04-03,2020-04-07,3,0.027254769953906077
B3,190,GLD,2022-01-25,2022-01-31,5,-0.02290299639228055
B3,194,GLD,2022-04-28,2022-06-13,32,-0.03437892487010097
B3,196,GLD,2022-06-17,2022-06-21,2,-0.011928875612198242
B3,244,GLD,2025-04-08,2025-04-10,3,0.06810133071629831
